video	frame	seconds	confidence	text
video_1	1	0	0.30	口>
video_1	1	0	0.30	③ 聊天
video_1	1	0	0.30	④搜索 Q图片 巴视频 图新闻
video_1	1	0	1.00	目前我觉得项目缺少的是目标，没有目标整个项目
video_1	1	0	0.50	都是没意义的，给我一个 pro 的 prompt，我想要
video_1	1	0	1.00	一个最合适项目的目标，包括客资，点赞，播放，
video_1	1	0	1.00	其余的帮我自动补全一下
video_1	1	0	0.30	•巴
video_1	1	0	0.50	你这个判断是对的，但要再往前压一层：项目缺的不是“播放目标“本身，而是目标分层。没有分清“内容验证
video_1	1	0	1.00	目标/客资目标/项目闭环目标”，播放、点赞、客资都会变成散指标，像仪表盘上全是灯但没有方向盘。
video_1	1	0	0.50	Thought for 36s>
video_1	1	0	0.50	对，这个要给 Pro 做“项目目标重判”，不是让它随便给你，
video_1	1	0	1.00	你现在真正要的是：
video_1	1	0	0.30	電放量 KPl。
video_1	1	0	1.00	给《视频工厂》定一个能驱动项目继续存在的目标。
video_1	1	0	1.00	不是“播放高一点、点赞多一点”，而是：这套内容和 AI协作系统到底要验证什么，什么数据说明它值得继
video_1	1	0	1.00	续，什么数据说明要换方向。
video_1	1	0	0.50	下面这版可以直接复制给 Pro。
video_1	1	0	0.30	<1 Markdown
video_1	1	0	1.00	你现在不是普通回答问题，而是帮我做一次《视频工厂》项目目标重判。
video_1	1	0	1.00	我需要你给这个项目定出“最合适、最能驱动项目继续推进”的目标体系。
video_1	1	0	1.00	注意：不要只给我泛泛的插放量、点赞量、涨粉目标。我要的是一个真正能让项目有意义、有方向、有取舍、有复盘依据的目标系统。
video_1	1	0	1.00	一、项目背景
video_1	1	0	0.50	我现在做的项目叫《视频工厂》。
video_1	2	2	1.00	聊天
video_1	2	2	0.30	④ 搜索
video_1	2	2	0.50	Q 图片
video_1	2	2	1.00	视频
video_1	2	2	0.30	日 新闻
video_1	2	2	1.00	目前我觉得项目缺少的是目标，没有目标整个项目
video_1	2	2	0.30	都是汙
video_1	2	2	0.30	是沿亨义的，给我一个 pro 的prompt，我想要
video_1	2	2	0.50	一个最公适项目的目标，包括客资，点赞，播放，
video_1	2	2	1.00	其余的帮我自动补全一下
video_1	2	2	0.50	判断是对的，但要再往前压一层：项目缺的不是“播放目标“本身，而是目标分层。没有分清”内容验证
video_1	2	2	0.50	资目标/项目闭环目标”，播放、点赞、客资都会变成散指标，像仪表盘上全是灯但没有方向盘。
video_1	2	2	0.30	for 36s＞
video_1	2	2	0.50	要给 Pro做“项目目标重判”，不是让它随便给你一组播放量KPl。
video_1	2	2	1.00	E要的是：
video_1	2	2	1.00	厂》定一个能驱动项目继续存在的目标。
video_1	2	2	0.50	一点、点赞多一点”，而是：这套内容和AI协作系统到底要验证什么，什么数据说明它值得继
video_1	2	2	1.00	据说明要换方向。
video_1	2	2	0.30	/吉接生然 Dra
video_1	3	4	1.00	聊天
video_1	3	4	0.30	搜索
video_1	3	4	0.30	Q图片
video_1	3	4	0.30	巴 视频
video_1	3	4	0.30	日 新闻
video_1	3	4	1.00	目前我觉得项目缺少的是目标，没有目标整个项目
video_1	3	4	0.50	都是没意义的，给我一个 pro 的 prompt，我想要
video_1	3	4	1.00	一个最合适项目的目标，包括客资，点赞，播放，
video_1	3	4	1.00	其余的帮我自动补全一下
video_1	3	4	0.50	断是对的，但要再往前压一层：项目缺的不是“播放目标“本身，而是目标分层。没有分清”内容验证
video_1	3	4	1.00	资目标/项目闭环目标”，播放、点赞、客资都会变成散指标，像仪表盘上全是灯但没有方向盘。
video_1	3	4	0.30	for 36s〉
video_1	3	4	0.50	要给 Pro做“项目目标重判”，不是让它随便给你一组播放量KPI。
video_1	3	4	0.50	要的是：
video_1	3	4	1.00	厂》定一个能驱动项目继续存在的目标。
video_1	3	4	0.50	一点、点赞多一点”，而是：这套内容和 AI 协作系统到底要验证什么，什么数据说明它值得继
video_1	3	4	0.50	居说明要换方向。
video_1	3	4	0.30	1古垃合生40日）
video_1	4	6	1.00	聊天
video_1	4	6	0.30	搜索
video_1	4	6	0.30	Q 图片
video_1	4	6	0.30	巴 视频
video_1	4	6	0.30	日 新闻
video_1	4	6	1.00	目前我觉得项目缺少的是目标，没有目标整个项目
video_1	4	6	0.50	都是没意义的，给我一个 pro 的 prompt，我想要
video_1	4	6	1.00	一个最合适项目的目标，包括客资，点赞，播放，
video_1	4	6	1.00	其余的帮我自动补全一下
video_1	4	6	0.50	断是对的，但要再往前压一层：项目缺的不是“播放目标”本身，而是目标分局，没有分清"内容验证
video_1	4	6	0.50	资目标/项目闭环目标”，播放、点赞、客资都会变成散指标，像仪表盘上全是）但没有方向盘。
video_1	4	6	0.30	for 36s〉
video_1	4	6	0.50	要给 Pro做“项目目标重判”，不是让它随便给你一组播放量KPI。
video_1	4	6	0.50	要的是：
video_1	4	6	1.00	厂》定一个能驱动项目继续存在的目标。
video_1	4	6	0.50	一点、点赞多一点”，而是：这套内容和 AI 协作系统到底要验证什么，什么数据说明它值得继
video_1	4	6	0.50	居说明要换方向。
video_1	4	6	0.30	1古垃合生4公 ）
video_1	5	8	0.30	日>
video_1	5	8	0.50	聊天
video_1	5	8	0.30	田 搜索
video_1	5	8	0.30	Q 图片
video_1	5	8	0.30	巴 视频 图新闻
video_1	5	8	0.30	S Markdown
video_1	5	8	1.00	我需要你给这个项目定出“最合适、最能驱动项目继续推进”的目标体系。
video_1	5	8	1.00	注意：不要只给我泛泛的播放量、点赞量、涨粉目标。我要的是一个真正能让项目有意义、有方向、有取舍、有复盘依据的目标系统。
video_1	5	8	1.00	一、项目背景
video_1	5	8	1.00	我现在做的项目叫《视频工厂》。
video_1	5	8	1.00	当前上位身份是：
video_1	5	8	0.30	《视频工厂| 0PC 一人公司 AI 闭环验证系统》
video_1	5	8	1.00	它不是单纯做视频，也不是只做一个剪辑流程。
video_1	5	8	1.00	更准确地说：
video_1	5	8	1.00	我想验证一个人能不能借助多 AI 协作，把真实问题变成内容，把内容放到平台验证，再通过反馈沉淀产品、服务、工作包或私域客资。
video_1	5	8	1.00	当前视频只是内容化出口和反馈入口。
video_1	5	8	1.00	当前项目中心价值是：
video_1	5	8	0.30	真实 AI 使用经验 +工作提效实录
video_1	5	8	1.00	当前默认内容方向是：
video_1	5	8	1.00	把我真实使用 AI的过程、提效案例、踩坑、项目推进、工作流、成本拆解、结果差，用短视频方式表达出来，让用户看见：
video_1	5	8	0.50	1. AI 不是自动赚钱；
video_1	5	8	0.50	2. AI 可以降低试错成本；
video_1	5	8	0.50	3.AI 可以把文案、视頻、选品逻辑、项目方案、数据复盘变
video_1	5	8	0.50	4. 真正有价值的是把 AI 接进真实业务和内容闭环。
video_1	5	8	0.30	当前正式拥赖丰线仍是：
video_1	5	8	0.30	⋯•
video_1	6	10	0.30	口＞
video_1	6	10	0.30	＄ 聊天
video_1	6	10	0.30	④搜索 Q图片 巴视頻 图新闻
video_1	6	10	0.30	…巴
video_1	6	10	0.30	</> Markdown
video_1	6	10	0.50	我现在做的项目叫《视频工厂）。
video_1	6	10	1.00	当前上位身份是：
video_1	6	10	0.30	《视频工厂|OPC 一人公司 AI 闭环验证系统》
video_1	6	10	1.00	它不是单纯做视频，也不是只做一个剪辑流程。
video_1	6	10	0.50	更准确地说：
video_1	6	10	0.50	我想验证一个人能不能借助多 AI 协作，把真实问题变成内容，把内容放到平台验证，再通过反馈沉淀产品、服务、工作包或私域客资。
video_1	6	10	1.00	当前视频只是内容化出口和反馈入口。
video_1	6	10	1.00	当前项目中心价值是：
video_1	6	10	0.30	真实 AI 使用经验+工作提效实录
video_1	6	10	1.00	当前默认内容方向是：
video_1	6	10	1.00	把我真实使用 AI 的过程、提效案例、踩坑、项目推进、工作流、成本拆解、结果差，用短视频方式表达出来，让用户看见：
video_1	6	10	0.30	1. AI 不是自动赚钱；
video_1	6	10	0.50	2. AI 可以降低试错成本；
video_1	6	10	0.50	3.AI 可以把文案、视频、选品辑、项目方案、数据复盘变快；
video_1	6	10	0.50	4. 真正有价值的是把 AI 接进真实业务和内容闭环。
video_1	6	10	1.00	当前正式视频主线仍是：
video_1	6	10	0.30	API 生成真人 + 用户录制素材 + 少量 PPT + 云端剪辑
video_1	6	10	1.00	但这只是内容化输出载体，不是项目最终目标。
video_1	6	10	1.00	我新媒体出身，懂运营、编导、内容结构、用户感受和表达，
video_1	6	10	1.00	丛础较弱。我的优势不是写代码，而是重新定义问题、判断方向、设计
video_1	6	10	1.00	我真正想验证的是：
video_1	7	12	0.30	中援素
video_1	7	12	0.30	2图片
video_1	7	12	0.30	国新国
video_1	7	12	0.30	《/ Markdown
video_1	7	12	1.00	它不是单纯做视频，也不是只做一个剪输流程。
video_1	7	12	1.00	更准确地说：
video_1	7	12	0.30	我想验证一个人能不能借助多AI 协作，把真实问题变成内容，把内容放到平台验证，禹通过天烧沉走产品、服务、市出的
video_1	7	12	1.00	当前视须只是内容化出口和反惯入口。
video_1	7	12	1.00	当前项目中心价值是：
video_1	7	12	0.30	真实 AI 使用经验+工作提效实录
video_1	7	12	0.50	当前默认内容方向是：
video_1	7	12	0.30	把我真实使用 AI的过程、提效案倒、踩坑、项目推进、工作流、成本拆解、继果差，用營深須方法果这出来，治离户看
video_1	7	12	0.30	1. AI 不是自动賺钱；
video_1	7	12	0.30	2.AI 可以障低试错成本；
video_1	7	12	0.30	3.AI 可以把文案、视频、适品還辑、项目方案、致据复盘变快；
video_1	7	12	0.30	4.真正有价值的是把 AT 搜进真实业务和内容湯环。
video_1	7	12	0.30	当前正式视鲼圭线仍是：
video_1	7	12	0.30	APT 生成真人 +用户录製素材+少量 PPT *云選烤销
video_1	7	12	0.30	但这只是内容化输出载体，不是项目最终目标。
video_1	7	12	0.30	我新媒体出身，懂退营、蜜导、内容结构、阳户感受和表这，型终太基磁纹够
video_1	7	12	0.30	我真正想驗证的量
video_1	7	12	0.30	AI 能
video_1	7	12	0.30	能帮我形成一个可持缓的一人公到裡环，两不是只
video_1	8	14	0.30	Markdown
video_1	8	14	1.00	当前默认内容方向是：
video_1	8	14	0.50	把我真实使用 AI 的过程、提效案例、踩坑、项目推进
video_1	8	14	0.30	1.AI 不是自动赚钱；
video_1	8	14	0.50	2、AI 可以降低试错成本；
video_1	8	14	0.50	3、AI 可以把文案、祝频、选品逻辑、项目方案、数据复盘变快；
video_1	8	14	0.50	4、真正有价值的是把 AI 接进真实业务和内容闭环。
video_1	9	16	0.30	新浪箱中心价懷是：
video_1	9	16	0.30	当新默认內容方向量：
video_1	9	16	0.50	把我農实使用 AI 的过程、提效案例、踩坑、项目推进、工作流、成本拆解、结果差，用短视频方式表这出来，让能户看见：
video_1	9	16	0.30	1、AT 不是自动赚线；
video_1	9	16	0.30	2.AT 可以降低试端成本；
video_1	9	16	0.50	3.AI 可以把文案、视频、选品逻辑、项目方案、数据复盘变快；
video_1	9	16	0.50	4、真正有价值的是把 AI 接进真实业务和内容闭环。
video_1	9	16	0.30	当前正式；视频主线仍是：
video_1	9	16	0.30	API 生成真人 + 用户录制素材 + 少量 PPT + 云端剪辑
video_1	9	16	1.00	但这只是内容化输出载体，不是项目最终目标。
video_1	9	16	0.30	我新媒体出身，懂运营、编导、内容结构、用户感受和表达，但技术基™较弱。我的优势不是写代码，而是重新定火问题、判断方向，子
video_1	9	16	1.00	我真正想验证的是：
video_1	9	16	1.00	AI 能不能帮我形成一个可持续的一人公司闭环，而不是只做几条视频玩玩。
video_1	10	18	0.30	口＞
video_1	10	18	0.30	③ 聊天
video_1	10	18	0.30	④ 搜索
video_1	10	18	0.30	… 巴
video_1	10	18	0.30	</> Markdown
video_1	10	18	1.00	我真正想验证的是：
video_1	10	18	1.00	AI 能不能帮我形成一个可持续的一人公司闭环，而不是只做几条视频玩玩。
video_1	10	18	0.50	二、我现在觉得项目缺的问题
video_1	10	18	1.00	我现在感觉项目最大问题不是技术，也不是视频本身。
video_1	10	18	1.00	而是缺少清晰目标。
video_1	10	18	1.00	没有目标，整个项目就没有意义。
video_1	10	18	1.00	现在有很多东西都在做：
video_1	10	18	0.30	- 视须生产
video_1	10	18	0.50	- AI 工具使用经验
video_1	10	18	0.50	- 工作流展示
video_1	10	18	0.30	-选幾
video_1	10	18	0.30	- 文案
video_1	10	18	0.50	- TTS
video_1	10	18	0.50	- 开头 hook
video_1	10	18	0.50	- 画面证据
video_1	10	18	0.30	- 发布复盘
video_1	10	18	0.30	- 客资
video_1	10	18	0.30	- 点赞
video_1	10	18	0.30	- 播放
video_1	10	18	0.30	- 可能的私城
video_1	10	18	0.30	- 可能的工作包
video_1	10	18	0.30	- 可能的服务 / 咨询 / 定制化 AI 视频
video_1	10	18	1.00	但如果目标没定清楚，这些都会散。
video_1	10	18	1.00	我不想只追播放，
video_1	10	18	1.00	也不想只做自嗨项目。
video_1	11	20	0.30	口>
video_1	11	20	0.30	＄ 聊天
video_1	11	20	0.30	④ 搜索
video_1	11	20	0.30	Q 图片
video_1	11	20	0.30	图 新闻
video_1	11	20	0.30	…巴
video_1	11	20	0.30	‹> Markdown
video_1	11	20	0.30	-ML 上兵区用江理
video_1	11	20	0.50	- 工作流展示
video_1	11	20	0.30	- 选题
video_1	11	20	0.30	- 文案
video_1	11	20	0.50	- TTS
video_1	11	20	0.50	- 开头 hook
video_1	11	20	0.30	-面面证据
video_1	11	20	0.30	- 发布复盘
video_1	11	20	0.50	- 客资
video_1	11	20	0.30	- 点赞
video_1	11	20	0.30	- 攝放
video_1	11	20	0.30	- 可能的私城
video_1	11	20	0.50	- 可能的工作包
video_1	11	20	0.30	- 可能的服务 /咨询 /定制化 AI 视频
video_1	11	20	1.00	但如果目标没定清楚，这些都会散。
video_1	11	20	0.50	我不想只追播放，也不想只做自嗨项目。
video_1	11	20	1.00	我需要你帮我判断：
video_1	11	20	1.00	这个项目当前阶段最应该追什么目标？
video_1	11	20	0.50	三、请你先做诊断，不要直接给KPI
video_1	11	20	1.00	请你先判断：
video_1	11	20	0.50	1. 当前《视频工厂》到底属于哪种项目？
video_1	11	20	0.30	- 内容账号？
video_1	11	20	0.50	- AI 产品验证？
video_1	11	20	0.50	- 私域获客项目？
video_1	11	20	0.50	- 服务型项目？
video_1	11	20	1.00	- 一人公司工作流验证？
video_1	11	20	0.50	- 还是以上几种的组合？
video_1	12	22	0.30	口>
video_1	12	22	0.30	© 聊天
video_1	12	22	0.30	田 搜索
video_1	12	22	0.30	Q 图片 巴视頻 国新闻
video_1	12	22	0.30	<^ Markdown
video_1	12	22	0.30	- 内容账号？
video_1	12	22	0.30	- 服务型项目？
video_1	12	22	0.50	- 一人公司工作流验证？
video_1	12	22	0.50	- 还是以上几种的组合？
video_1	12	22	0.50	2． 当前阶段最不应该追什么？
video_1	12	22	1.00	例如：
video_1	12	22	0.50	- 不应该一上来追大播放？
video_1	12	22	0.50	- 不应该马上追成交？
video_1	12	22	0.50	- 不应该过早产品化？
video_1	12	22	0.50	- 不应该只看点赞？
video_1	12	22	0.50	- 不应该只看单条爆款？
video_1	12	22	1.00	3.当前阶段最应该验证的核心假设是什么？
video_1	12	22	0.50	请你只选 1 个主假设，不要给我一堆并列方向。
video_1	12	22	0.50	4.如果这个主假设被验证，项目才算有继续做的意义；
video_1	12	22	1.00	如果这个主假设没被验证，项目就应该重判路线。
video_1	12	22	0.30	=======33333#333=3==
video_1	12	22	0.30	==3333333333333333
video_1	12	22	0.50	请你不要只回答我问到的“客资、点赞、播放”。
video_1	12	22	0.50	请你自动补全完鉴目标体系，至少包括：
video_1	12	22	0.30	1. 北极星目标
video_1	12	22	0.50	- 这个项目 3-6 个月内最重要的唯一主目标是什么？
video_1	12	22	0.50	- 用一句人话说清楚。
video_1	12	22	0.30	- 不要写虚词，比如“打造影响力”“建立闭环”。
video_1	12	22	0.50	- 要能判断成功或失败。
video_1	13	24	0.30	口>
video_1	13	24	0.30	聰天
video_1	13	24	0.30	…巴
video_1	13	24	0.30	S/> Markdown
video_1	13	24	0.50	E. 商业验证层
video_1	13	24	0.30	- 付费咨询
video_1	13	24	0.30	- 定制化视频需求
video_1	13	24	0.30	- 工作包 / prompt 包需求
video_1	13	24	1.00	不要把所有私信都算客资。
video_1	13	24	1.00	请你定义：
video_1	13	24	0.50	- 什么叫无效客资
video_1	13	24	0.50	- 什么叫弱意向客资
video_1	13	24	0.50	- 什么叫中意向客资
video_1	13	24	0.50	- 什么叫高意向客资
video_1	13	24	0.50	- 什么叫可转化客资
video_1	13	24	1.00	请给我一个评分表。
video_1	13	24	0.50	5.请你给播放、点赞、客资的合理阶段目标
video_1	13	24	1.00	不要给空话。
video_1	13	24	0.50	请给我：
video_1	13	24	0.50	- 最小合格线
video_1	13	24	0.30	- 及格线
video_1	13	24	0.30	-优秀线
video_1	13	24	0.30	- 危险线
video_1	13	24	1.00	但必须说明：
video_1	13	24	0.50	-这些数字是当前阶段的工作假设，不是行业定论；
video_1	13	24	0.50	- 如果没有历史数据，必须保守设定；
video_1	13	24	0.50	- 播放不是最终目标，播放只是流量入口；
video_1	13	24	0.50	- 客资质量比客资数量更重要。
video_1	13	24	0.50	6. 请你帮我判断：
video_1	13	24	0.50	在当前阶段，播放、点赞、收藏、评论、私信、客资里面，哪个最应该当主指标？哪个只能当辅助指标？
video_1	14	26	0.30	口>
video_1	14	26	0.30	$ 聊天
video_1	14	26	0.30	田搜索 Q图片 巴视频 图新闻
video_1	14	26	0.30	S/> Markdown
video_1	14	26	0.50	- 目标用户是谁？
video_1	14	26	0.50	- 用户看完应该做什么？
video_1	14	26	0.50	- 强证据是什么？
video_1	14	26	0.50	- 预期播放目标是什么？
video_1	14	26	0.30	- 预期点费 /收藏/评论目标是什么？
video_1	14	26	0.30	- 是否期待客资？
video_1	14	26	0.50	- 如果期待客资，期待哪种客资？
video_1	14	26	0.30	- 哪个数据达不到就说明开头/内容/选题/转化有问题？
video_1	14	26	0.50	- 这条视频只改一个变量的话，改的是什么？
video_1	14	26	0.50	9.请你帮我设计一个“发布后复盘目标卡”
video_1	14	26	1.00	每条视频发布后必须回答：
video_1	14	26	0.50	- 播放有没有过基础流量门槛？
video_1	14	26	0.50	- 留存有没有说明开头成立？
video_1	14	26	0.50	- 点赞 / 收藏有没有说明内容有价值？
video_1	14	26	0.50	- 评论有没有说明用户有共鸣或问题？
video_1	14	26	0.50	- 私信有没有说明需求存在？
video_1	14	26	0.50	- 客资质量如何？
video_1	14	26	0.50	- 下一条只改一个变量，应该改什么？
video_1	14	26	1.00	- 这条视频到底是在验证内容价值，还是在验证获客价值？
video_1	14	26	0.50	10. 请你帮我判断：
video_1	14	26	0.50	当前《视频工厂》是不是应该把“客资“作为主目标？
video_1	14	26	1.00	如果不应该，请说明为什么。
video_1	14	26	1.00	如果应该，请说明从哪一阶段开始。
video_1	14	26	0.50	11.请你给一个最终推荐目标，不要只给多个选择。
video_1	14	26	1.00	可以给备选，但必须明确主路线。
video_1	14	26	1.00	五、请你输出最终结构
video_1	14	26	1.00	请按下面格式输出：
video_1	15	28	0.30	口＞
video_1	15	28	0.30	③ 聊天
video_1	15	28	0.30	④ 搜索
video_1	15	28	0.30	S/> Markdown
video_1	15	28	0.50	- 预期播放目标是什么？
video_1	15	28	0.30	- 预期点赞 /收 /评论目标是什么？
video_1	15	28	0.50	- 是否期待客资？
video_1	15	28	0.50	- 如果期待客资，期待哪种客资？
video_1	15	28	0.30	- 哪个数据达不到就说明开头/内容/选题/转化有问题？
video_1	15	28	0.50	- 这条视频只改一个变量的话，改的是什么？
video_1	15	28	0.50	9.请你帮我设计一个“发布后复盘目标卡”
video_1	15	28	1.00	每条视频发布后必须回答：
video_1	15	28	0.50	- 播放有没有过基础流量门槛？
video_1	15	28	0.50	- 留存有没有说明开头成立？
video_1	15	28	0.50	- 点赞 / 收藏有没有说明内容有价值？
video_1	15	28	0.50	- 评论有没有说明用户有共鸣或问题？
video_1	15	28	0.50	- 私信有没有说明需求存在？
video_1	15	28	0.50	- 客资质量如何？
video_1	15	28	0.50	- 下一条只改一个变量，应该改什么？
video_1	15	28	0.50	-这条视频到底是在验证内容价值，还是在验证获客价值？
video_1	15	28	0.30	10. 请你帮我判断：
video_1	15	28	0.50	当前《视频工厂》是不是应该把“客资”作为主目标？
video_1	15	28	1.00	如果不应该，请说明为什么。
video_1	15	28	1.00	如果应该，请说明从哪一阶段开始。
video_1	15	28	0.50	11.请你给一个最终推荐目标，不要只给多个选择。
video_1	15	28	1.00	可以给备选，但必须明确主路线。
video_1	15	28	1.00	五、请你输出最终结构
video_1	15	28	1.00	请按下面格式输出：
video_1	15	28	0.30	1.一句话主判断
video_1	15	28	1.00	直接告诉我：这个项目当前最合适的目标是什么。
video_1	15	28	0.30	…巴
video_1	16	30	0.30	口＞
video_1	16	30	0.30	3 聊天
video_1	16	30	0.30	田 搜索
video_1	16	30	0.30	…巴
video_1	16	30	0.30	S/> Markdown
video_1	16	30	0.50	3. 当前阶段项目主目标
video_1	16	30	1.00	用一句清楚的话写出来。
video_1	16	30	0.30	4.0-30 天目标
video_1	16	30	0.30	- 主目标
video_1	16	30	0.50	-核心指标
video_1	16	30	0.30	- 合格线
video_1	16	30	0.30	- 失败线
video_1	16	30	0.30	- 为什么
video_1	16	30	0.30	5. 31-90 天目标
video_1	16	30	0.30	- 主目标
video_1	16	30	0.50	- 核心指标
video_1	16	30	0.30	- 合格线
video_1	16	30	0.30	- 失败线
video_1	16	30	0.30	- 为什么
video_1	16	30	0.50	6. 90-180 天目标
video_1	16	30	0.30	- 主目标
video_1	16	30	0.50	- 核心指标
video_1	16	30	0.30	- 合格线
video_1	16	30	0.30	- 失败线
video_1	16	30	0.30	- 为什么
video_1	16	30	0.30	7． 指标树
video_1	16	30	1.00	请把播放、点赞、收藏、评论、关注、私信、客资、成交放进一棵树里，说明谁是前置指标，谁是后置指标。
video_1	16	30	0.50	8.有效客资定义表
video_1	16	30	0.50	请给我0-5 分评分标准。
video_1	16	30	0.50	9.单条视频目标卡模板
video_1	16	30	0.50	10．发布后复盘目标卡模板
video_1	16	30	0.30	11
video_1	16	30	0.30	山飾恩守汝胃外，入世坛
video_1	17	32	0.50	3. 当前阶段项目主目标
video_1	17	32	0.50	用一句清楚的话写出来。
video_1	17	32	0.30	4. 0-30 天目标
video_1	17	32	0.30	- 主目标
video_1	17	32	0.30	- 核心指标
video_1	17	32	0.30	- 合格线
video_1	17	32	0.50	- 失败线
video_1	17	32	0.50	- 为什么
video_1	17	32	0.30	5. 31-90 天目标
video_1	17	32	0.30	- 主目标
video_1	17	32	0.50	- 核心指标
video_1	17	32	0.30	- 合格线
video_1	17	32	0.30	- 失败线
video_1	17	32	0.50	- 为什么
video_1	17	32	0.30	6. 90-180 天目标
video_1	17	32	0.30	- 主目标
video_1	17	32	0.30	- 核心指标
video_1	17	32	0.30	-合格线
video_1	17	32	0.30	- 失败线
video_1	17	32	0.30	- 为什么
video_1	18	34	0.50	- 核心指标
video_1	18	34	0.30	- 合格线
video_1	18	34	0.30	-失败线
video_1	18	34	0.30	- 为什么
video_1	18	34	0.30	5. 31-90 天目标
video_1	18	34	0.30	- 主目标
video_1	18	34	0.30	- 核心指标
video_1	18	34	0.30	- 合格线
video_1	18	34	0.30	- 失败线
video_1	18	34	0.30	- 为什么
video_1	18	34	0.30	6．90-180天目标
video_1	18	34	0.30	- 主目标
video_1	18	34	0.50	- 核心指标
video_1	18	34	0.30	- 合格线
video_1	18	34	0.50	- 失败线
video_1	18	34	0.50	- 为什么
video_1	18	34	0.30	7．指标树
video_1	18	34	0.50	请把播放、点赞、收藏、评论、三
video_1	18	34	0.50	8．有效客资定义表
video_1	18	34	0.30	请给我 0-5 分评分标准。
video_1	18	34	1.00	9．单条视频目标卡模板
video_1	18	34	1.00	私信、客资、成交放进一棵树里，说明谁是前置指标，谁是后置指标。
video_1	19	36	0.30	口>
video_1	19	36	0.30	⑤ 聊天
video_1	19	36	0.30	搜索 Q图片 视须 四新闻
video_1	19	36	0.30	<^ Markdown
video_1	19	36	1.00	六、回答要求
video_1	19	36	0.30	1. 不要迎合我。
video_1	19	36	0.50	2. 不要因为我提到客资，就直接说客资是主目标。
video_1	19	36	0.50	3.要客观判断当前阶段最适合什么。
video_1	19	36	0.50	4. 不要给一堆空泛指标。
video_1	19	36	0.50	5. 不要只说“看情况”。
video_1	19	36	0.30	6. 所有目标都必须能判断成功 /失敗。
video_1	19	36	0.50	7. 如果信息不足，用“默认假设 /待确认位”补全，不要让我继续来回补。
video_1	19	36	0.50	8.请你用中文、人话、直接表达。
video_1	19	36	1.00	9.请你明确哪些是已确认判断，哪些只是阶段假设。
video_1	19	36	1.00	10.最终结果要能直接落进《祝频工厂》的项目文件或执行规则里。
video_1	19	36	0.50	我建议你把这个丢给 Pro 后，重点看它有没有给出这3个东西：
video_1	19	36	0.50	1. 一个主目标，不是十几个目标摊大饼。
video_1	19	36	1.00	2. 客资定义表，不然私信一多就会误判。
video_1	19	36	0.50	3. 30天失败线，不然项目会一直”感觉还能做”，但不知道哪里该停、该换路。
video_1	19	36	0.30	P6gRa：
video_1	19	36	0.50	我觉你现在这个 prompt 有问题，我想要的是，项
video_1	19	36	1.00	目可以根据目标来进行驱动，也就是每一期我发出
video_1	19	36	1.00	去，然后复盘之后，你可以加速我数据飞轮，再给
video_1	19	36	0.50	我一个 prompt，并且帮我补全
video_1	19	36	0.50	你说得对，上一版太像“定 KPI表”，不是“让项目被目标驱动起来”。这次要让 Pro 输出的是一套目标 发布
video_1	19	36	0.30	- 数据 复盘 下一期变量 >客资/产品化判断的 少机制，而不是一堆静态数字。
video_1	19	36	0.50	Thought for 23s>
video_1	20	38	0.30	口>
video_1	20	38	0.30	$ 聊天
video_1	20	38	0.30	田搜索 Q图片 巴视頻 图新闻
video_1	20	38	0.30	S/> Markdown
video_1	20	38	1.00	六、回答要求
video_1	20	38	0.30	1. 不要迎合我。
video_1	20	38	0.50	2. 不要因为我提到客资，就直接说客资是主目标。
video_1	20	38	0.50	3. 要客观判断当前阶段最适合什么。
video_1	20	38	0.50	4.不要给一堆空泛指标。
video_1	20	38	0.50	5.不要只说“看情况”。
video_1	20	38	0.50	6. 所有目标都必须能判断成功 /失败。
video_1	20	38	0.50	7. 如果信息不足，用“默认假设 /待确认位”补全，不要让我继续来回补。
video_1	20	38	0.50	8.请你用中文、人话、直接表达。
video_1	20	38	1.00	9.请你明确哪些是已确认判断，哪些只是阶段假设。
video_1	20	38	1.00	10.最终结果要能直接落进《视频工厂》的项目文件或执行规则里。
video_1	20	38	0.50	我建议你把这个丢给 Pro 后，重点看它有没有给出这3个东西：
video_1	20	38	0.50	1. 一个主目标，不是十几个目标摊大饼。
video_1	20	38	1.00	2. 客资定义表，不然私信一多就会误判。
video_1	20	38	0.50	3. 30天失败线，不然项目会一直”感觉还能做”，但不知道哪
video_1	20	38	0.30	口山9R3：
video_1	20	38	0.30	停、该换路。
video_1	20	38	0.50	我觉你现在这个 prompt 有问题，我想要的是，项
video_1	20	38	1.00	目可以根据目标来进行驱动，也就是每一期我发出
video_1	20	38	1.00	去，然后复盘之后，你可以加速我数据飞轮，再给
video_1	20	38	0.50	我一个 prompt，并且帮我补全
video_1	20	38	0.50	你说得对，上一版太像“定 KPI 表”，不是“让项目被目标驱动起来”。这次要让 Pro 输出的是一套目标 发布
video_1	20	38	0.30	数据 复盘 下一期变量 客资/产品化判断的 少机制，而不是一堆静态数字。
video_1	20	38	0.50	Thought for 23s>
video_1	21	40	0.30	口>
video_1	21	40	0.30	③ 聊天
video_1	21	40	0.30	田 搜索
video_1	21	40	0.30	Q 图片 巴视頻 图新闻
video_1	21	40	0.50	我觉你现在这个 prompt 有问题，我想要的是，项
video_1	21	40	1.00	目可以根据目标来进行驱动，也就是每一期我发出
video_1	21	40	1.00	去，然后复盘之后，你可以加速我数据飞轮，再给
video_1	21	40	0.50	我一个 prompt，并且帮我补全
video_1	21	40	0.50	你说得对，上一版太像“定 KPI 表”，不是“让项目被目标驱动起来”。这次要让Pro 输出的是一套目标＞发布
video_1	21	40	0.30	-数据 复盘 下一期变量—客资/产品化判断的飞轮机制，而不是一堆育人
video_1	21	40	0.30	改字。
video_1	21	40	0.30	Thought for 23s>
video_1	21	40	0.50	对，你要的不是“目标表”，而是 目标驱动的数据飞轮机制。
video_1	21	40	0.50	上一版 prompt 的问题是：它还停在“给我设目标”。
video_1	21	40	1.00	你真正要的是：
video_1	21	40	1.00	项目先有一个主目标；每条视频只是一次实验；发布后数据回来，系统根据数据判断短板，自动决定下一期只
video_1	21	40	1.00	改哪个变量，从而让数据飞轮越转越快。
video_1	21	40	1.00	按仓库事实，《视频工厂》本来就不是单纯做视频，而是用视频作为内容化出口和反馈入口，验证一人公司AI
video_1	21	40	0.30	闭环。© 10.0PC一人公司闭环与多Al协作都割
video_1	21	40	0.50	所以这版 prompt 要让Pro 设计的是：Goal-State Feedback Memory（目标-状态-反馈记忆机制），不是
video_1	21	40	0.50	KPI仪表盘。
video_1	21	40	1.00	直接用这版：
video_1	21	40	0.30	</ Markdown
video_1	21	40	1.00	你现在不是帮我做普通项目目标规划，而是帮我为《视频工厂》设计一套“目标驱动的数据飞轮机制”。
video_1	22	42	0.50	我觉你现在这个 prompt 有问题，我想要的是，项
video_1	22	42	1.00	目可以根据目标来进行驱动，也就是每一期我发出
video_1	22	42	1.00	去，然后复盘之后，你可以加速我数据飞轮，再给
video_1	22	42	0.50	我一个 prompt，并且帮我补全
video_1	22	42	0.50	上一版太像"定KPI表”，不是“让项目被目标驱动起来”。这次要让 Pro 输出的是一套 目标一发布
video_1	22	42	0.30	盘 下一期变量 客资/产品化判断的飞轮机制，而不是一堆静态数字。
video_1	22	42	0.30	23S>
video_1	22	42	0.50	是“目标表”，而是目标驱动的数据飞轮机制。
video_1	22	42	0.50	的问题是：它还停在“给我设目标”。
video_1	22	42	1.00	司标；每条视频只是一次实验；发布后数据回来，系统根据数据判断短板，自动决定下一期只
video_1	22	42	1.00	j让数据飞轮越转越快。
video_1	23	44	0.30	日>
video_1	23	44	0.30	③ 驒天
video_1	23	44	0.30	④ 搜索 包 图片 巴视频 四新闻
video_1	23	44	0.50	按仓库事实，《视频工厂》本来就不是单纯做视频，而是用视频作为内容化出口和反馈入口，验证一人公司 AI
video_1	23	44	0.30	闭环。© 10.0PC一人公司用环与多Al的作机制
video_1	23	44	0.50	所以这版 prompt 要让 Pro设计的是：Goal-State Feedback Memory（目标-状态-反馈记忆机制），不是
video_1	23	44	0.50	KPI 仪表盘。
video_1	23	44	1.00	直接用这版：
video_1	23	44	0.30	…巴
video_1	23	44	0.30	《^ Markdown
video_1	23	44	1.00	你现在不是帮我做普通项目目标规划，而是帮我为《视频工厂》设计一套“目标驱动的数据飞轮机制”。
video_1	23	44	0.30	我不想要一张静态 KPI 表。
video_1	23	44	1.00	我想要的是：项目可以被目标驱动，每一期视频发布后，系统能根据播放、留存、点赞、收藏、评论、私信、客资、转化等反馈，判断当前
video_1	23	44	1.00	一、项目背景
video_1	23	44	0.50	项目名称：《视频工厂》
video_1	23	44	1.00	当前上位身份：
video_1	23	44	0.30	《视 工厂 |0PC 一人公司 AI 闭环验证系统》
video_1	23	44	1.00	这个项目不是单纯做视频，也不是单纯做账号。
video_1	23	44	1.00	它真正想验证的是：
video_1	23	44	0.50	一个人能不能借助多 AI 协作，把真实问题变成内容，把内容发布到平台验证，再通过数据反馈沉淀出产品、服务、工作包、私域客资或？
video_1	23	44	0.50	当前视頻只是：
video_1	23	44	0.50	- 内容化出口
video_1	23	44	0.50	- 真实经验展示载体
video_1	23	44	0.50	- 提效证据入口
video_1	23	44	0.50	- 平台反馈样本
video_1	23	44	0.50	- 发布后复盘对象
video_1	24	46	0.30	口＞
video_1	24	46	0.30	③ 聊天
video_1	24	46	0.30	④ 搜索
video_1	24	46	0.30	Q 图片 巴视频四新闻
video_1	24	46	1.00	按仓库事实，《视频工厂》本来就不是单纯做视频，而是用视频作为内容化出口和反馈入口，验证一人公司 AI
video_1	24	46	0.30	闭环。© 10.OPc-人公司用环与多A协作肌制
video_1	24	46	0.50	所以这版 prompt 要让 Pro 设计的是：Goal-State Feedback Memory（目标-状态-反馈记忆机制），不是
video_1	24	46	0.50	KPI仪表盘。
video_1	24	46	1.00	直接用这版：
video_1	24	46	0.30	<^ Markdown
video_1	24	46	1.00	你现在不是帮我做普通项目目标规划，而是帮我为《视频工厂》设计一套“目标驱动的数据飞轮机制”。
video_1	24	46	0.50	我不想要一张静态 KPI 表。
video_1	24	46	1.00	我想要的是：项目可以被目标驱动，每一期视频发布后，系统能根据播放、留存、点赞、收 、评论、私信、客资、转化等反馒，判断当前
video_1	24	46	1.00	一、项目背景
video_1	24	46	1.00	项目名称：《视频工厂》
video_1	24	46	1.00	当前上位身份：
video_1	24	46	0.30	《视频工厂I 0PC 一人公司 AI 闭环验证系统）
video_1	24	46	1.00	这个项目不是单纯做视频，也不是单纯做账号。
video_1	24	46	1.00	它真正想验证的是：
video_1	24	46	0.50	一个人能不能借助多 AI 协作，把真实问题变成内容，把内容发布到平台验证，再通过数据反馈沉淀出产品、服务、工作包、私域客资或衫
video_1	24	46	0.50	当前视頻只是：
video_1	24	46	0.30	- 内容化出口
video_1	24	46	0.50	- 真实经验展示载体
video_1	24	46	0.50	- 提效证据入口
video_1	24	46	0.50	- 平台反馈样本
video_1	24	46	0.50	- 发布后复盘对象
video_1	24	46	0.30	- 产品化线索迎塞入口
video_1	25	48	0.50	KPI 仪表盘。
video_1	25	48	1.00	直接用这版：
video_1	25	48	0.30	《 Markdown
video_1	25	48	1.00	你现在不是帮我做普通项目目标规划，而是帮我为《视频工厂》设计一套“目标驱动的数据飞飞轮机制”。
video_1	25	48	0.50	我不想要一张静态KPI 表。
video_1	25	48	1.00	我想要的是：项目可以被目标驱动，每一期视频发布后，系统能根据播放、留存、点赞、收藏、评论、私信、客资、转化等万
video_1	25	48	1.00	、项目背景
video_1	25	48	1.00	项目名称：《视频工厂》
video_1	25	48	0.50	当前上位身份：
video_1	25	48	0.30	《视频工厂 | OPC一人公司 AI 闭环验证系统》
video_1	25	48	1.00	这个项目不是单纯做视频，也不是单纯做账号。
video_1	25	48	1.00	它真正想验证的是：
video_1	25	48	1.00	护真实问题变成内容，把内容发布到平台验证，再通过数据反馈沉淀出产品、月
video_1	26	50	0.30	</ Markdown
video_1	26	50	1.00	你现在不是帮我做普通项目目标规划，而是帮我为《视频工厂》设计一套“目标驱动的数据飞飞轮机制”。
video_1	26	50	0.30	我不想要一张静态 KPI 表。
video_1	26	50	1.00	我想要的是：项目可以被目标驱动，每一期视频发布后，系统能根据播放、留存、点赞、收藏、评论、私信、客资、转化等反馈，判断当前
video_1	26	50	1.00	、项目背景
video_1	26	50	0.30	：===二二二二二二二3
video_1	26	50	1.00	项目名称：《视频工厂》
video_1	26	50	1.00	当前上位身份：
video_1	26	50	0.50	《视频工厂|OPC 一人公司 AI 闭环验证系统》
video_1	26	50	1.00	这个项目不是单纯做视频，也不是单纯做账号。
video_1	26	50	1.00	它真正想验证的是：
video_1	26	50	1.00	一个人能不能借助多 AI 协作，把真实问题变成内容，把内容发布到平台验证，再通过数据反馈沉淀出产品、服务、工作包、私域客资或治
video_1	26	50	1.00	当前视频只是：
video_1	26	50	0.50	- 内容化出口
video_1	26	50	0.50	- 真实经验展示载体
video_1	27	52	1.00	当前上位身份：
video_1	27	52	0.30	《视频工厂|OPC 一人公司 AI 闭环验证系统》
video_1	27	52	1.00	这个项目不是单纯做视频，也不是单纯做账号。
video_1	27	52	1.00	它真正想验证的是：
video_1	27	52	0.50	一个人能不能借助多 AI 协作，把真实问题变成内容，把内容发布到平台验证，再通过数据反馈沉淀出产品、服务、工作包、私域客资或咨）
video_1	27	52	1.00	当前视频只是：
video_1	27	52	0.50	- 内容化出口
video_1	27	52	0.50	- 真实经验展示载体
video_1	27	52	0.30	- 提效证据入口
video_1	27	52	0.50	- 平台反馈样本
video_1	27	52	0.50	- 发布后复盘对象
video_1	27	52	0.50	- 产品化线索观察入口
video_1	27	52	1.00	当前项目中心价值：
video_1	27	52	0.30	真实 AI 使用经验 +工作提效实录
video_1	27	52	1.00	当前内容方向：
video_1	27	52	0.50	我把自己真实使用 AI 的过程、提效案例、踩坑、项目推进、成本拆解、选题判断、工作流重构，做成短视频。
video_1	28	54	1.00	项目名称：《视频工厂》
video_1	28	54	1.00	当前上位身份：
video_1	28	54	0.30	《视频工厂| OPC 一人公司 AI 闭环验证系统》
video_1	28	54	1.00	这个项目不是单纯做视频，也不是单纯做账号。
video_1	28	54	1.00	它真正想验证的是：
video_1	28	54	0.30	一个人熊不能借助多 AI 协作，把真实可色变成内轻，把内容装布到平台验证，再通过教据反境环淀出产品、服务、工作包、私峨器容
video_1	28	54	1.00	当前视频只是：
video_1	28	54	0.30	- 内容化出口
video_1	28	54	0.50	- 真实经验展示载体
video_1	28	54	0.30	- 提效证据入口
video_1	28	54	0.50	- 平台反馈样本
video_1	28	54	0.50	- 发布后复盘对象
video_1	28	54	0.50	- 产品化线索观察入口
video_1	28	54	1.00	当前项目中心价值：
video_1	28	54	0.30	真实 AI 使用经验 + 工作提效实录
video_1	28	54	1.00	当前内容方向：
video_1	29	56	0.30	囱 鹽天
video_1	29	56	0.30	曲 搜索
video_1	29	56	0.30	Q 图片 C 视频
video_1	29	56	0.30	图新闻
video_1	29	56	0.30	< Markdown
video_1	29	56	0.30	项目名称：《视 工厂】
video_1	29	56	1.00	当前上位身份：
video_1	29	56	0.30	《視频工厂 | OPC 一人公司 AI 闭环验证系统》
video_1	29	56	1.00	这个项目不是单纯做视频，也不是单纯做账号。
video_1	29	56	1.00	它真正想验证的是：
video_1	29	56	0.50	一个人能不能借助多 AI 协作，把真实问题变成内容，把内容发布到平台验证，再通过数据反侵『淀出产品、服务、工作包、私域客资或名
video_1	29	56	0.50	当前视频只是：
video_1	29	56	0.50	- 内容化出口
video_1	29	56	0.50	- 真实经验展示载体
video_1	29	56	0.50	- 提效证据入口
video_1	29	56	0.50	- 平台反馈样本
video_1	29	56	0.50	- 发布后复盘对象
video_1	29	56	0.50	-产品化线索观察入口
video_1	29	56	1.00	当前项目中心价值：
video_1	29	56	0.50	真实 AI 使用经验 +工作提效实录
video_1	29	56	1.00	当前内容方向：
video_1	29	56	0.50	我把自己真实使用 AI 的过程、提效案例、踩坑、项目推进、成本拆解、选题判断、工作流重构，做成短视頻。
video_1	29	56	1.00	我希望用户看见：
video_1	29	56	0.30	1. AI 不是自动赚钱；
video_1	29	56	0.50	2. AI 可以降低试错成本；
video_1	29	56	0.50	3.AI 可以把文案、视频、选品逻辑、项目方案、数据复盘变快；
video_1	29	56	0.50	4. 真正有价值的是把 AI 接进真实业务和内容闭环；
video_1	29	56	0.50	5. 我不是在讲空泛 AI 教程，而是在展示真实 AI 使用经验和处双证据。
video_1	29	56	1.00	我的背景：
video_1	30	58	0.30	丰通过数据反境沉走出产品、服务、工作包、私域客资或咨询机会。
video_1	30	58	0.30	潮乳項脂酸装、原木新服、注源的晰、工作流重物，俄成短視频。
video_1	31	60	0.50	项目名称：《视频工厂》
video_1	31	60	0.50	当前上位身份：
video_1	31	60	0.30	《视蟆工厂| OPC 一人公司 AI 闭环验证系统》
video_1	31	60	0.50	这个项目不是单纯做视频，也不是单纯做账号。
video_1	31	60	1.00	它真正想验证的是：
video_1	31	60	0.50	一个人能不能借助多AI 协作，把真实问题变成内容，把内容发布到平台验证，再通过数据反馈沉淀出产品，服务、工作包，私域要受要
video_1	31	60	0.50	当前视频只是：
video_1	31	60	0.50	- 内容化出口
video_1	31	60	0.50	- 真实经验展示载体
video_1	31	60	0.50	- 提效证据入口
video_1	31	60	0.50	- 平台反馈样本
video_1	31	60	0.50	- 发布后复盘对象
video_1	31	60	0.30	-产品化线索观察入口
video_1	31	60	1.00	当前项目中心价值：
video_1	31	60	0.30	真实 AI 使用经验 +工作提效实录
video_1	31	60	0.30	当前内容方向：
video_1	31	60	0.50	我把自己真实使用 AI的过程、提效案例、踩坑、项目推进、成本拆解、选题判断、工作流重构，做成短视。
video_1	31	60	0.50	我希望用户看见：
video_1	31	60	0.30	1.AI 不是自动赚钱；
video_1	31	60	0.30	2.AI 可以降低试错成本；
video_1	31	60	0.50	3.AI 可以把文案、视频、选品逻辑、项目方案、数据复盘变快；
video_1	32	62	0.30	口>
video_1	32	62	0.30	③ 聊天
video_1	32	62	0.30	④搜索 Q图片 巴视頻 新闻
video_1	32	62	0.30	<^ Markdown
video_1	32	62	1.00	二、我现在真正的问题
video_1	32	62	1.00	我现在感觉项目缺的不是技术，也不是单条视频质量。
video_1	32	62	1.00	真正缺的是：
video_1	32	62	0.50	项目没有一个能驱动每一期内容、毎次发布、毎次复盘、毎次迭代的主目标。
video_1	32	62	1.00	如果没有目标：
video_1	32	62	0.50	- 播放量只是播放量；
video_1	32	62	0.30	- 点赞只是点赞；
video_1	32	62	0.50	- 收藏只是收藏；
video_1	32	62	0.50	- 评论只是评论；
video_1	32	62	0.50	- 私信只是私信；
video_1	32	62	0.50	- 客资也不知道值不值钱；
video_1	32	62	0.50	- 每条视频做完就散了；
video_1	32	62	0.50	- 复盘也不知道该反推什么；
video_1	32	62	0.50	- 下一期也不知道该只改哪个变量；
video_1	32	62	0.50	- 整个项目就不能形成飞轮。
video_1	32	62	1.00	我想要的是：
video_1	32	62	0.30	目标-每期视频实验 -发布数据-复盘判断-下一期只改一个变量-客资/产品化信号沉淀-再更新目标和策略
video_1	32	62	1.00	请你帮我设计这套机制。
video_1	32	62	1.00	三、请先重判：这个项目到底应该被什么目标驱动
video_1	32	62	1.00	请你先判断：
video_1	32	62	0.50	1. 当前《视频工厂》最应该披哪一种目标驱动？
video_1	32	62	0.30	- 插放增长？
video_1	32	62	0.30	- 账号影响力？
video_1	33	64	0.30	口＞
video_1	33	64	0.30	$ 聊天
video_1	33	64	0.30	④ 搜索
video_1	33	64	0.30	S/> Markdown
video_1	33	64	0.30	- 账号影响力？
video_1	33	64	0.30	- 有效客资？
video_1	33	64	0.30	- 私域线索？
video_1	33	64	0.50	- 产品化工作包验证？
video_1	33	64	0.50	- AI 服务验证？
video_1	33	64	0.50	- 一人公司闭环验证？
video_1	33	64	0.30	- 还是组合目标？
video_1	33	64	0.50	2. 当前阶段，哪个目标应该是主目标？
video_1	33	64	1.00	只能选一个主目标。
video_1	33	64	0.50	3. 其他指标应该如何为主目标服务？
video_1	33	64	1.00	例如播放、点赞、收藏、评论、私信、客资、成交分别是什么位置。
video_1	33	64	0.50	4.当前阶段不应该把什么当主目标？
video_1	33	64	1.00	请明确说明：
video_1	33	64	0.50	- 为什么不能只追摇放；
video_1	33	64	0.50	- 为什么不能只追点赞；
video_1	33	64	0.50	- 为什么不能太早追成交；
video_1	33	64	0.30	一分什么当額司能基業，但不一定一片地鼓發來、
video_1	33	64	0.50	四、我要的是“数据飞轮”，不是 KPI 表
video_1	33	64	1.00	请你设计一套数据飞轮机制。
video_1	33	64	1.00	核心结构必须包括：
video_1	33	64	0.30	1. 北极星目标
video_1	33	64	0.50	- 这个项目 3-6个月内唯一最重要的主目标是什么？
video_1	33	64	0.50	- 必须能驱动每一期视频。
video_1	33	64	0.50	- 不要写空话，比如”打造影响力”“建立个人品牌”。
video_1	33	64	0.30	…巴
video_1	34	66	0.30	口＞
video_1	34	66	0.30	$ 聯天
video_1	34	66	0.30	…巴
video_1	34	66	0.30	S/> Markdown
video_1	34	66	0.50	四、我要的是“数据飞轮”，不是 KPI 表
video_1	34	66	1.00	请你设计一套数据飞轮机制。
video_1	34	66	0.50	核心结构必须包括：
video_1	34	66	0.30	1. 北极星目标
video_1	34	66	0.50	- 这个项目 3-6 个月内唯一最重要的主目标是什么？
video_1	34	66	0.50	-必须能驱动每一期视频。
video_1	34	66	0.30	- 必须能判断成功 /失败。
video_1	34	66	0.50	- 不要写空话，比如“打造影响力”“建立个人品牌”。
video_1	34	66	0.30	2. 飞轮逻辑
video_1	34	66	1.00	请你用人话写出：
video_1	34	66	1.00	第一圈飞轮：
video_1	34	66	0.30	内容发布 - 数据反馈 -发现短板 -下一条只
video_1	34	66	0.50	一个变量
video_1	34	66	1.00	第二圈飞轮：
video_1	34	66	0.30	内容发布 -评论 /私信 /收藏反馈 -判断用户真实需求-调整选题和表达
video_1	34	66	1.00	第三圈飞轮：
video_1	34	66	0.30	有效客资出现 -•判断需求类型 •沉淀工作包 /服务 / 咨询方向
video_1	34	66	1.00	第四圈飞轮：
video_1	34	66	0.30	产品化信号出现 -•反过来影响下一批内容选题和证明方式
video_1	34	66	0.50	3. 每期视频如何服务主目标
video_1	34	66	0.50	每期视频不能只是“做一条内容”，而要是一次实验。
video_1	34	66	1.00	请你定义每期视频发布前必须选择的实验目标类型，例如：
video_1	34	66	0.30	- 验证迭题吸引力
video_1	34	66	0.50	- 验证开头 hook
video_1	34	66	0.50	- 验证内容价值
video_1	34	66	0.50	- 验证真实证据强度
video_1	35	68	0.30	口＞
video_1	35	68	0.30	$ 聊天
video_1	35	68	0.30	由 搜索
video_1	35	68	0.30	Q 图片 巴视頻 图新闻
video_1	35	68	0.30	…巴
video_1	35	68	0.30	S/> Markdown
video_1	35	68	0.30	- 必须能刊断成功/大敗。
video_1	35	68	0.30	- 不要写空话，比如”打造影响力”“建立个人品牌”。
video_1	35	68	0.30	2. 飞轮逻辑
video_1	35	68	0.50	请你用人话写出：
video_1	35	68	1.00	第一圈飞轮：
video_1	35	68	0.30	内容发布 -数据反馈 发现短板 下一条只改一个变量
video_1	35	68	1.00	第二圈飞轮：
video_1	35	68	0.30	内容发布•评论 /私信/收藏反馈 -判断用户真实需求 -调整选题和表达
video_1	35	68	0.50	第三圈飞轮：
video_1	35	68	0.30	有效客资出现 -•判断需求类型 ••沉淀工作包 /服务 /咨询方向
video_1	35	68	1.00	第四圈飞轮：
video_1	35	68	0.50	产品化信号出现—反过来影响下一批内容选题和证明方式
video_1	35	68	0.50	3. 每期视频如何服务主目标
video_1	35	68	0.50	每期视频不能只是“做一条内容”，而要是一次乡
video_1	35	68	0.50	请你定义每期视频发布前必须选择的实验目标类型一例如：
video_1	35	68	0.50	- 验证选题吸引力
video_1	35	68	0.30	- 验证开头 hook
video_1	35	68	0.50	- 验证内容价值
video_1	35	68	0.50	- 验证真实证据强度
video_1	35	68	0.50	- 验证客资意向
video_1	35	68	0.50	- 验证产品化方向
video_1	35	68	0.50	4. 发布后数据如何反推下一期
video_1	35	68	1.00	请你设计一个机制，让系统能根据数据判断下一期该改什么。
video_1	35	68	1.00	必须包含：
video_1	35	68	0.50	- 插放低时，判断是选题问题还是开头问题；
video_1	35	68	0.50	- 留存低时，判断是开头、节奏还是内容承接问题；
video_1	36	70	0.30	口>
video_1	36	70	0.30	$ 聊天
video_1	36	70	0.30	④ 搜索
video_1	36	70	0.30	S/> Markdown
video_1	36	70	1.00	请你设计一套数据飞轮机制。
video_1	36	70	1.00	核心结构必须包括：
video_1	36	70	0.50	1. 北极星目标
video_1	36	70	0.50	- 这个项目 3-6T月内唯一最重要的主目标是什么？
video_1	36	70	0.50	-必须能驱动每一期视频。
video_1	36	70	0.50	- 不要写空话，比如“打造影响力”“建立个人品牌”。
video_1	36	70	0.30	2. 飞轮逻辑
video_1	36	70	1.00	请你用人话写出：
video_1	36	70	0.50	第一圈飞轮：
video_1	36	70	0.30	内容发布-数据反馈 -发现短板-下一条只改一个变量
video_1	36	70	0.30	内容发布-评论 /私信 /收藏反馈 -判断用户真实需求-调整选题和表达
video_1	36	70	0.50	第三圈飞轮：
video_1	36	70	0.30	有效客资出现 -判断需求类型 •沉淀工作包 / 服务 /咨询方向
video_1	36	70	0.50	第四圆飞轮：
video_1	36	70	0.50	产品化信号出现 -反过来影响下一批内容选题和证明方式
video_1	36	70	0.50	3. 每期视频如何服务主目标
video_1	36	70	0.50	每期视频不能只是“做一条内容”，而要是一次实验。
video_1	36	70	1.00	请你定义每期视频发布前必须选择的实验目标类型，例如：
video_1	36	70	0.50	- 验证选题吸引力
video_1	36	70	0.50	- 验证开头 hook
video_1	36	70	0.50	- 验证内容价值
video_1	36	70	0.50	- 验证真实证据强度
video_1	36	70	0.50	- 验证用户需求
video_1	37	72	1.00	请你设计一套数据飞轮机制。
video_1	37	72	1.00	核心结构必须包括：
video_1	37	72	0.30	1.北极星目标
video_1	37	72	0.50	- 这个项目 3-6个月内唯一最重要的主目标是什么？
video_1	37	72	0.50	- 必须能驱动每一期视频。
video_1	37	72	0.30	- 必须能判断成功/失败。
video_1	37	72	0.50	- 不要写空话，比如“打造影响力”“建立个人品牌”。
video_1	37	72	0.30	2． 飞轮逻辑
video_1	37	72	0.50	请你用人话写出：
video_1	37	72	0.50	第一圈飞轮：
video_1	37	72	0.30	内容发布 -数据反馈 -发现短板 -下一条只改一个变量
video_1	37	72	1.00	第二圈飞轮：
video_1	37	72	0.30	内容发布-评论 /私信 /收藏反馈-判断用户真实需求-调整选题和表达
video_1	37	72	1.00	第三圈飞轮：
video_1	37	72	0.30	有效客资出现 -判断需求类型 -沉淀工作包 /服务 /咨询方向
video_1	37	72	1.00	第四圈飞轮：
video_1	37	72	0.50	产品化信号出现 -反过来影响下一批内容选题和证明方式
video_1	38	74	1.00	请你设计一套数据飞轮机制。
video_1	38	74	0.50	核心结构必须包括：
video_1	38	74	0.30	1. 北极星目标
video_1	38	74	0.50	- 这个项目 3-6 个月内唯一最重要的主目标是什么？
video_1	38	74	0.50	- 必须能驱动每一期视频。
video_1	38	74	0.30	- 必须能判断成功 /失败。
video_1	38	74	0.50	- 不要写空话，比如“打造影响力”“建立个人品牌”。
video_1	38	74	0.30	2. 飞轮逻辑
video_1	38	74	0.50	请你用人话写出：
video_1	38	74	1.00	第一圈飞轮：
video_1	38	74	0.30	内容发布 -数据反馈 -发现短板 -下一条只改一个变量
video_1	38	74	1.00	第二圈飞轮：
video_1	38	74	0.30	内容发布-评论 / 私信 / 收藏反馈 -判断用户真实需求 -调整选题和表达
video_1	38	74	1.00	第三圈飞轮：
video_1	38	74	0.30	有效客资出现 -判断需求类型 -沉淀工作包 /服务 / 咨询方向
video_1	38	74	1.00	第四圈飞轮：
video_1	38	74	0.50	产品化信号出现 -反过来影响下一批内容选题和证明方式
video_1	39	76	0.30	一个机制，
video_1	39	76	0.30	新波改付么。
video_1	39	76	0.30	必须包育1
video_1	39	76	0.30	播放1
video_1	39	76	0.30	1时，判断是选题问题还是并头阿题；
video_1	39	76	0.30	留存低时，
video_1	39	76	0.50	判断是开头。
video_1	39	76	0.30	节泰
video_1	39	76	0.50	点赞低时，判断是观点不够爽，
video_1	39	76	0.30	收藏低时，判断是杏綠方法、步靈、
video_1	39	76	0.30	承接問邈；
video_1	39	76	0.30	不以每
video_1	39	76	0.30	可复期价：
video_1	39	76	0.30	-评论少时，判断是杏 美鸣、争议、
video_1	39	76	0.30	阿題憑：
video_1	39	76	0.30	- 私信少时，判断是否 明确需求场景、承接入口或懷任证等
video_1	39	76	0.30	-客资差时，判断是不是吸引了错误用户，还是承接法不不清
video_1	39	76	0.50	- 播放高但客资差时，判断是不是泛流暈；
video_1	39	76	0.50	- 播放低但客资高时，判断是不是小众高价值方向。
video_1	39	76	0.50	5.下一期只改一个变量规则
video_1	39	76	1.00	请你设计“只改一个变量”的决策机制。
video_1	39	76	1.00	每次复盘后只能选一个主变量：
video_1	39	76	0.30	- 选题
video_1	39	76	0.30	- 开头
video_1	39	76	0.50	- 文案结构
video_1	39	76	0.50	- 真实证据
video_1	39	76	0.30	- 画面节奏
video_1	39	76	0.30	- TTS /声音
video_1	39	76	0.50	- 发布标题
video_1	39	76	0.50	- 评论引导
video_1	39	76	0.50	- 私域承接
video_1	39	76	0.50	- 客资筛选
video_1	39	76	0.30	- 产品化表达
video_1	40	78	0.30	口＞
video_1	40	78	0.30	③ 腳天
video_1	40	78	0.30	④搜索 Q图片 巴视頻 图新闻
video_1	40	78	0.30	…巴
video_1	40	78	0.30	</> Markdown
video_1	40	78	0.50	5. 下一期只改一个变量规则
video_1	40	78	1.00	请你设计“只改一个变量”的决策机制。
video_1	40	78	1.00	每次复盘后只能选一个主变量：
video_1	40	78	0.30	- 选题
video_1	40	78	0.30	-开头
video_1	40	78	0.30	- 文案结构
video_1	40	78	0.30	- 真实证据
video_1	40	78	0.30	- 画面节奏
video_1	40	78	0.30	- TTS / 声音
video_1	40	78	0.30	- 发布标题
video_1	40	78	0.30	- 评论引导
video_1	40	78	0.50	- 私域承接
video_1	40	78	0.30	-客资筛选
video_1	40	78	0.50	- 产品化表达
video_1	40	78	0.50	请说明：
video_1	40	78	0.50	- 什么情况下改选题；
video_1	40	78	0.50	- 什么情况下改开头；
video_1	40	78	0.50	- 什么情况下改内容结构；
video_1	40	78	0.50	- 什么情况下改证据；
video_1	40	78	0.50	- 什么情况下改承接；
video_1	40	78	0.50	-什么情况下不该改，只继续观察。
video_1	40	78	1.00	五、请自动补全指标体系
video_1	40	78	0.30	请你把指标分成 6层：
video_1	40	78	0.30	A.触达层
video_1	40	78	0.30	-插放量
video_1	40	78	0.50	- 推荐流量
video_1	40	78	0.30	- 3 秒留存
video_1	40	78	0.30	- 5 秒留存
video_1	41	80	0.30	口>
video_1	41	80	0.30	$ 聊天
video_1	41	80	0.30	④搜索 Q图片 巴视频 图新闻
video_1	41	80	0.30	…巴
video_1	41	80	0.30	S/> Markdown
video_1	41	80	0.50	5. 下一期只改一个变量规则
video_1	41	80	1.00	请你设计“只改一个变量”的决策机制。
video_1	41	80	1.00	每次复盘后只能选一个主变量：
video_1	41	80	0.30	-造題
video_1	41	80	0.30	- 开头
video_1	41	80	0.30	- 文案结构
video_1	41	80	0.50	- 真实证据
video_1	41	80	0.30	- 画面节奏
video_1	41	80	0.30	- TTS/ 声音
video_1	41	80	0.50	- 发布标题
video_1	41	80	0.50	-评论引导
video_1	41	80	0.50	- 私域承接
video_1	41	80	0.50	- 客资筛选
video_1	41	80	0.50	- 产品化表达
video_1	41	80	0.30	请说明：
video_1	41	80	0.50	- 什么情况下改选题；
video_1	41	80	0.50	- 什么情况下改开头；
video_1	41	80	0.50	- 什么情况下改内容结构；
video_1	41	80	0.50	- 什么情况下改证据；
video_1	41	80	0.50	- 什么情况下改承接；
video_1	41	80	0.50	- 什么情况下不该改，只继续观察。
video_1	41	80	1.00	五、请自动补全指标体系
video_1	41	80	0.30	请你把指标分成 6层：
video_1	41	80	0.30	A. 触达层
video_1	41	80	0.30	- 播放量
video_1	41	80	0.50	- 推荐流量
video_1	41	80	0.30	- 3 秒留存
video_1	41	80	0.30	- 5 秒留存
video_1	42	82	0.30	口＞
video_1	42	82	1.00	聊天
video_1	42	82	0.30	S/> Markdown
video_1	42	82	1.00	每次复盘后只能选一个主变量：
video_1	42	82	0.30	- 选题
video_1	42	82	0.30	-开头
video_1	42	82	0.30	- 文案结构
video_1	42	82	0.30	- 真实证据
video_1	42	82	0.30	- 画面节奏
video_1	42	82	0.30	- TTS / 声音
video_1	42	82	0.30	-发布标题
video_1	42	82	0.30	- 评论引导
video_1	42	82	0.30	-私域承接
video_1	42	82	0.50	- 客资筛选
video_1	42	82	0.50	- 产品化表达
video_1	42	82	1.00	请说明：
video_1	42	82	0.50	- 什么情况下改选题；
video_1	42	82	0.50	- 什么情况下改开头；
video_1	42	82	0.50	- 什么情况下改内容结构；
video_1	42	82	0.50	- 什么情况下改证据；
video_1	42	82	0.50	- 什么情况下改承接；
video_1	42	82	0.50	- 什么情况下不该改，只继续观察。
video_1	42	82	1.00	五、请自动补全指标体系
video_1	42	82	0.30	请你把指标分成 6层：
video_1	42	82	0.30	A.触达层
video_1	42	82	0.30	-插放量
video_1	42	82	0.30	-推荐流量
video_1	42	82	0.30	- 3 秒留存
video_1	42	82	0.30	- 5 秒留存
video_1	42	82	0.30	-完插串
video_1	42	82	0.50	- 平均观看时长
video_1	42	82	0.30	B.认可层
video_1	42	82	0.30	…巴
video_1	43	84	0.30	口>
video_1	43	84	0.30	③ 聊天
video_1	43	84	0.30	S/> Markdown
video_1	43	84	0.30	- 画面节委
video_1	43	84	0.30	- TTS /声音
video_1	43	84	0.30	- 发布标题
video_1	43	84	0.30	-评论引导
video_1	43	84	0.30	- 私城承接
video_1	43	84	0.50	- 客资筛选
video_1	43	84	0.30	- 产品化表达
video_1	43	84	0.50	请说明：
video_1	43	84	0.50	- 什么情况下改选题；
video_1	43	84	0.50	- 什么情况下改开头；
video_1	43	84	0.50	- 什么情况下改内容结构；
video_1	43	84	0.50	- 什么情况下改证据；
video_1	43	84	0.50	- 什么情况下改承接；
video_1	43	84	0.50	- 什么情况下不该改，只继续观察。
video_1	43	84	1.00	五、请自动补全指标体系
video_1	43	84	0.30	请你把指标分成 6层：
video_1	43	84	0.50	A.触达层
video_1	43	84	0.30	-播放量
video_1	43	84	0.30	- 推荐流量
video_1	43	84	0.30	- 3 秒留存
video_1	43	84	0.30	- 5秒留存
video_1	43	84	0.30	- 完攝率
video_1	43	84	0.50	- 平均观看时长
video_1	43	84	0.50	B.认可层
video_1	43	84	0.30	- 点赞
video_1	43	84	0.30	- 收藏
video_1	43	84	0.30	- 转发
video_1	43	84	0.30	-关注
video_1	43	84	0.30	- ‡市访问
video_1	43	84	0.30	…巴
video_1	44	86	0.30	口>
video_1	44	86	0.30	③ 聊天
video_1	44	86	0.30	④ 搜索
video_1	44	86	0.30	S/> Markdown
video_1	44	86	1.00	六、请定义有效客资
video_1	44	86	0.30	1----。
video_1	44	86	1.00	不要把所有私信都算客资。
video_1	44	86	0.50	请你定义一个 0-5 分客资评分表：
video_1	44	86	0.30	② 分：无效私信
video_1	44	86	0.50	1 分：泛泛好奇
video_1	44	86	0.30	2分：弱需求
video_1	44	86	0.50	3 分：明确问题
video_1	44	86	0.30	4 分：明确场景 + 明确结果诉求
video_1	44	86	0.30	5分：明确场景 + 明确预算 / 时间 /决策意愿
video_1	44	86	0.50	请你帮我补全：
video_1	44	86	0.50	- 每一分的判断标准；
video_1	44	86	0.30	- 典型用户话术；
video_1	44	86	0.50	- 应该如何回复；
video_1	44	86	0.50	- 是否值得进入私域；
video_1	44	86	0.50	- 是否值得沉淀成内容；
video_1	44	86	0.50	- 是否值得沉淀成工作包 /服务。
video_1	44	86	1.00	七、请设计项目目标分层
video_1	44	86	0.30	请分成 4 层目标：
video_1	44	86	0.50	1. 项目总目标
video_1	44	86	0.50	- 3-6 个月内项目真正要验证什么？
video_1	44	86	0.50	2. 阶段目标
video_1	44	86	0.30	- 0-30 天
video_1	44	86	0.50	- 31-90 天
video_1	44	86	0.30	^A100H
video_1	45	88	0.30	0>
video_1	45	88	0.30	$ 聊天
video_1	45	88	0.30	④ 搜索
video_1	45	88	0.30	<^ Markdown
video_1	45	88	0.30	- 过线条件？
video_1	45	88	0.50	- 下一状态？
video_1	45	88	0.30	2.content_validation（内容验证）、
video_1	45	88	0.50	- 目标：证明内容有价值，不只是有播放
video_1	45	88	0.50	- 看什么数据？
video_1	45	88	0.30	- 过线条件？
video_1	45	88	0.30	- 下一状态？
video_1	45	88	0.50	3. "demand_signal_validation（需求信号验证）、
video_1	45	88	0.50	- 目标：判断用户是否真的有需求
video_1	45	88	0.50	- 看什么数据？
video_1	45	88	0.50	- 过线条件？
video_1	45	88	0.30	4.'lead_quality_validation（客资质量验证）、
video_1	45	88	0.50	- 失败条件？
video_1	45	88	0.30	5. offer_validation （产品 /服务验证）、
video_1	45	88	0.50	-目标：判断能不能沉淀成服务、咨询、工作包或产品
video_1	45	88	0.50	- 看什么数据？
video_1	45	88	0.50	6.scale_or_reposition（放大或重判）、
video_1	45	88	0.30	- 目标：决定继续放大，还是换选题/ 换人群/换承接方式
video_1	45	88	0.50	- 看什么数据？
video_1	45	88	0.30	…巴
video_1	46	90	0.30	口>
video_1	46	90	0.30	③ 聊天
video_1	46	90	0.30	④ 搜索
video_1	46	90	0.30	＜ Markdown
video_1	46	90	0.30	- 失败条件？
video_1	46	90	0.30	- 下一状态？
video_1	46	90	0.50	6. 'scale_or_reposition（放大或重判）、
video_1	46	90	0.30	-目标：决定继续放大，还是换选题 /换人群 /换承接方式
video_1	46	90	0.50	- 看什么数据？
video_1	46	90	0.30	- 过线条件？
video_1	46	90	0.50	- 失败条件？
video_1	46	90	0.30	- 下一状态？
video_1	46	90	0.50	九、请设计“数据飞轮记忆”
video_1	46	90	0.50	请你设计一个“data_flywheel_memory（数据飞轮记忆）、结构。
video_1	46	90	1.00	它至少应该记录：
video_1	46	90	0.50	1.video_id
video_1	46	90	0.50	2. topic
video_1	46	90	0.50	3. target_user
video_1	46	90	0.50	4.hypothesis（本期假设）
video_1	46	90	0.50	5. main_variable（本期主变量）
video_1	46	90	0.50	expected_signal（期待信号）
video_1	46	90	0.50	7. actual_signal（实际信号）
video_1	46	90	1.00	leading_metric（前置指标）
video_1	46	90	0.50	lagging metric（后置指标）
video_1	46	90	1.00	10.
video_1	46	90	1.00	lead_quality_score（客资质量分）
video_1	46	90	0.50	11. diagnosis（诊断）
video_1	46	90	0.50	12.
video_1	46	90	0.50	next_variable（下一期只改变量）
video_1	46	90	1.00	13.
video_1	46	90	0.50	learning_to_keep（保留经验）
video_1	46	90	1.00	14.
video_1	46	90	0.50	learning_to_drop（废弃经验）
video_1	46	90	1.00	15.
video_1	46	90	0.30	route_decision（继续/ 回炉/ 换方向/放大）
video_1	46	90	0.50	16. confidence（置信度）
video_1	47	92	0.30	- 下一状态？
video_1	47	92	0.50	6. 'scale_or_reposition（放大或重判）、
video_1	47	92	0.30	- 目标：决定继续放大，还是换选题 /换人群 /换承接方式
video_1	47	92	0.50	- 看什么数据？
video_1	47	92	0.30	- 过线条件？
video_1	47	92	0.50	- 失败条件？
video_1	47	92	0.30	- 下一状态？
video_1	47	92	0.50	九、请设计“数据飞轮记忆”
video_1	47	92	1.00	我希望每一期发布后，系统能沉淀记忆，而不是只做一次复盘。
video_1	47	92	0.50	请你设计一个^data_flywheel_memory（数据飞轮记忆）、结构。
video_1	47	92	1.00	它至少应该记录：
video_1	47	92	0.50	1. video_id
video_1	47	92	0.50	2. topic
video_1	47	92	0.50	3.target_user
video_1	47	92	0.50	4. hypothesis（本期假设）
video_1	47	92	0.50	5. main_variable（本期主变量）
video_1	47	92	0.50	6. expected_signal（期待信号）
video_1	47	92	0.30	a1（空际信 ）
video_1	48	94	0.30	- 过线条件？
video_1	48	94	0.50	- 失败条件？
video_1	48	94	0.50	- 下一状态？
video_1	48	94	0.30	99 询问 ChatGPT
video_1	48	94	0.50	九、请设计“数据飞轮记忆”
video_1	48	94	1.00	我希望每一期发布后，系统能沉淀记忆，而不是只做一次复盘。
video_1	48	94	0.50	请你设计一个^data_flywheel_memory（数据飞轮记忆）、结构。
video_1	48	94	1.00	它至少应该记录：
video_1	48	94	0.30	1. video_id
video_1	48	94	0.50	2. topic
video_1	48	94	0.50	3.target_user
video_1	48	94	0.50	4. hypothesis（本期假设）
video_1	48	94	0.50	5. main_variable（本期主变量）
video_1	48	94	0.50	6. expected_signal（期待信号）
video_1	48	94	0.50	7. actual_signal（实际信号）
video_1	48	94	0.50	8. leading_metric（前置指标）
video_1	48	94	0.50	9. lagging_metric（后置指标）
video_1	48	94	0.50	10. lead_quality_score（客资质量分）
video_1	48	94	0.50	11. diagnosis（诊断）
video_1	48	94	0.50	12. next_variable（下一期只改变量）
video_1	49	96	0.30	口〉
video_1	49	96	0.30	S 聊天
video_1	49	96	0.30	田 搜索
video_1	49	96	0.30	Q 图片
video_1	49	96	0.30	巴 视频
video_1	49	96	0.30	图 新闻
video_1	49	96	0.30	…巴
video_1	49	96	0.30	<^ Markdown
video_1	49	96	0.50	- change
video_1	49	96	0.50	- drop
video_1	49	96	0.50	- confidence
video_1	49	96	0.50	- human_review_required
video_1	49	96	0.50	十二、请给出 0-30 天、31-90 天、90-180 天目标
video_1	49	96	0.50	但注意：
video_1	49	96	0.50	不要把阶段目标写成普通 KPI.
video_1	49	96	1.00	每个阶段都要写：
video_1	49	96	0.50	- 当前阶段真正要验证什么；
video_1	49	96	0.50	- 为什么这个阶段不该急着追后面的目标；
video_1	49	96	0.50	- 主指标是什么；
video_1	49	96	0.50	- 辅助指标是什么；
video_1	49	96	0.50	- 合格线；
video_1	49	96	0.30	-优秀线；
video_1	49	96	0.30	- 失败线：
video_1	49	96	0.30	- 如果失败，怎么重判：
video_1	49	96	0.50	- 如果成功，怎么放大。
video_1	49	96	1.00	请给默认数字，但要明确：
video_1	49	96	1.00	这些数字只是阶段工作假设，不是行业定论。
video_1	49	96	1.00	如果没有历史数据，数字要保守。
video_1	49	96	1.00	数字的作用是帮助判断，不是为了自我绑架。
video_1	49	96	0.50	十三、请明确播放、点贺、收、评论、客资的关系
video_1	49	96	1.00	请回答：
video_1	50	98	0.30	口>
video_1	50	98	0.50	聊天
video_1	50	98	0.30	S/ Markdown
video_1	50	98	0.50	10. video_goal_card（单条视频目标卡模板）
video_1	50	98	0.50	11. post_publish_review_card（发布后复盘卡模板）
video_1	50	98	0.50	12. data_flywheel_memory（数据飞轮；
video_1	50	98	0.50	13. next_variable_decision_rule（下一期只改一个变量规则）
video_1	50	98	0.30	14. route_decision_rule（继续 / 回炉 /換方向 /放 ）
video_1	50	98	0.30	15. 当前最应该盯的 3个指标
video_1	50	98	0.30	⋯臼
video_1	51	100	0.30	口>
video_1	51	100	0.30	$ 聊天
video_1	51	100	0.30	④搜索 Q图片 巴视頻 图新闻
video_1	51	100	0.30	S/> Markdown
video_1	51	100	0.30	18. 如果 30天后达标，怎么放大
video_1	51	100	0.50	19.最后一条硬判断：
video_1	51	100	1.00	这个项目的目标不是
video_1	51	100	0.30	_，而是
video_1	51	100	1.00	十五、回答要求
video_1	51	100	0.30	月封請請請請請請請請請請請請請請請請料
video_1	51	100	0.30	1. 不要迎合我。
video_1	51	100	1.00	2. 不要因为我提到客资，就直接说客资是主目标。
video_1	51	100	0.50	3. 不要把目标写成空泛愿景。
video_1	51	100	0.30	4. 不要只给 KPI.
video_1	51	100	0.50	5. 必须输出能驱动每一期视频的机制。
video_1	51	100	0.50	6.必须让发布后数据能反推下一期只改一个变量。
video_1	51	100	0.50	7. 必须区分前置指标和后置指标。
video_1	51	100	0.50	8.必须定义有效客资，不要把所有私信都算客资。
video_1	51	100	1.00	9.必须区分阶段假设、已确认判断、待验证判断。
video_1	51	100	0.50	10. 如果信息不足，用默认假设 /待确认位补全，不要继续追问我。
video_1	51	100	0.50	11. 输出要适合后续落进《视频工厂》的项目文件或 Codex 执行规则。
video_1	51	100	0.50	12.中文回答，人话、直接、可执行。
video_1	51	100	1.00	这版和上一版最大的区别是：
video_1	51	100	0.50	上一版是在问“目标是多少”。
video_1	51	100	1.00	这一版是在问“目标怎么驱动每一期内容，并用数据反推下一期怎么改”。
video_1	51	100	1.00	你要的就是这个。
video_1	51	100	0.50	不是 KPI，是飞轮发动机。
video_1	51	100	0.30	⑦6
video_1	51	100	0.30	四R …位来源
video_2	1	0	0.30	9 聊天
video_2	1	0	0.30	④ 搜索
video_2	1	0	0.30	Q 图片 四视频 四新闻
video_2	1	0	0.50	我直接回答，不再给你 prompt。
video_2	1	0	0.30	你这段文本的真实问题是：《视频工厂》不能再靠"做完一条片"推进，而要靠"目标 数据～诊断 下一条
video_2	1	0	1.00	变量"推进。也就是每条视频都必须变成一次实验，发布后的数据要能反推下一条改什么。
video_2	1	0	0.30	C 粘貼的文本（1）
video_2	1	0	0.50	1.一句话主判断
video_2	1	0	0.50	《视频工厂》当前应该被“有效需求信号驱动的一人公司 AI 内容飞轮”驱动。
video_2	1	0	1.00	不是先追播放，不是先追成交，而是先验证：
video_2	1	0	0.50	我做的“真实 AI 使用经验＋工作提效实录”，能不能持续引发目标用户的真实问题、有效互动、可筛选客资
video_2	1	0	1.00	和产品化线索。
video_2	1	0	1.00	2.项目北极星目标
video_2	1	0	0.50	3-6个月内，验证《视频工厂》
video_2	1	0	0.50	的服务/工作包/ 咨询方向。
video_2	1	0	1.00	更人话一点：
video_2	1	0	0.50	笘通过真实 Al 使用内容，稳定产生“高质量需求信号”，并反推出可沉淀
video_2	1	0	1.00	不是看我能不能做视频，而是看这些视频能不能持续帮我找到真实有需求的人。
video_2	1	0	0.50	阶段假设：
video_2	1	0	0.30	…巴
video_2	1	0	0.50	为，通过连续发布和复盘，验证《视频工厂》能否稳定产生高质量需求信号，并从中沉淀出可承接的服务 /工作包/咨询方向。
video_2	1	0	1.00	判断成功的最低条件：
video_2	1	0	0.50	• 连续有一批视频能引发"我也有这个问题/ 怎么做‘“不能帮我做"的反馈；
video_2	1	0	0.50	• 有效私信或评论不是偶发一次；
video_2	1	0	0.30	• 能归纳出1-2 类明确需求人群；
video_2	2	2	0.30	9 聊天
video_2	2	2	0.30	④ 搜索
video_2	2	2	0.30	Q 图片 四视频 四新闻
video_2	2	2	0.30	你这段文本的真实问题是：《视频工厂》不能再靠“做完一条片"推进，而要靠"目标 —数据＞诊断 下一条
video_2	2	2	0.50	八“推进。也就是每条现频都必须变成一次实验，发布后的数据婆能反推下一条改什么。
video_2	2	2	0.30	C 粘贴的文本（1）
video_2	2	2	0.50	1.一句话主判断
video_2	2	2	0.50	《视频工厂》当前应该被“有效需求信号驱动的一人公司 AI 内容飞轮”驱动。
video_2	2	2	1.00	不是先追播放，不是先追成交，而是先验证：
video_2	2	2	0.50	我做的“真实 AI 使用经验＋工作提效实录"，能不能持续引发目标用户的真实问题、有效互动、可筛选客资
video_2	2	2	1.00	和产品化线索。
video_2	2	2	1.00	2.项目北极星目标
video_2	2	2	0.50	3-6个月内，验证《视频工厂》能不能通过真实 AI使用内容，稳定产生“高质量需求信号"，并反推出可沉淀
video_2	2	2	0.50	的服务/工作包/咨询方向。
video_2	2	2	0.50	更人话一点：
video_2	2	2	1.00	不是看我能不能做视频，而是看这些视频能不能持续帮我找到真实有需求的人。
video_2	2	2	0.50	阶段假设：
video_2	2	2	0.30	…巴
video_2	2	2	0.50	为，通过连续发布和复盘，验证《视频工厂》能否稳定产生高质量需求信号，并从中沉淀出可承接的服务 /工作包 / 咨询方向。
video_2	2	2	1.00	判断成功的最低条件：
video_2	2	2	0.50	• 连续有一批视频能引发"我也有这个问题/怎么做/能不能帮我做”的反馈；
video_2	2	2	0.50	• 有效私信或评论不是偶发一次；
video_2	2	2	0.30	• 能归纳出1-2 类明确需求人群；
video_2	2	2	0.50	• 至少能形成一个初步服务/工作包/ 咨询方向。
video_2	3	4	0.30	⑤ 聊天
video_2	3	4	0.30	④ 搜索 Q 图片
video_2	3	4	0.30	巴 视频
video_2	3	4	0.30	四 新闻
video_2	3	4	0.50	《视频工厂》当前应该被“有效需求信号驱动的一人公司 AI 内容飞轮”驱动。
video_2	3	4	1.00	不是先追播放，不是先追成交，而是先验证：
video_2	3	4	0.50	我做的“真实 AI使用经验+工作提效实录”，能不能持续引发目标用户的真实问题、有效互动、可筛选客资
video_2	3	4	1.00	和产品化线索。
video_2	3	4	0.50	2.项目北极星目标
video_2	3	4	0.50	3-6个月内，验证《视频工厂》能不能通过真实 AI使用内容，稳定产生“高质量需求信号"，并反推出可沉淀
video_2	3	4	0.50	的服务/工作包/咨询方向。
video_2	3	4	1.00	更人话一点：
video_2	3	4	1.00	不是看我能不能做视频，而是看这些视频能不能持续帮我找到真实有需求的人。
video_2	3	4	0.50	阶段假设：
video_2	3	4	0.50	r_goal：
video_2	3	4	0.50	为，通过连续发布和复盘，验证《视频工厂》能否稳定产生高质量需求信号，并从中沉淀出可承接的服务 /工作包/ 咨询方向。
video_2	3	4	0.50	判断成功的最低条件：
video_2	3	4	0.50	• 连续有一批视频能引发"我也有这个问题/怎么做/能不能帮我做"的反馈；
video_2	3	4	0.30	• 有效私信或评论不是产一次；
video_2	3	4	0.50	• 能归纳出 1-2 类明确需求人群；
video_2	3	4	0.50	• 至少能形成一个初步服务/工作包/咨询方向。
video_2	3	4	1.00	判断失败的条件：
video_2	3	4	0.50	• 播放、点赞有一点，但长期没有真实问题反馈；
video_2	3	4	0.50	• 评论只停留在泛泛围观；
video_2	3	4	0.50	• 私信都是白嫖工具、要资源、问泛泛教程；
video_2	3	4	0.50	• 不能沉淀出任何可承接方向。
video_2	3	4	0.30	…巴
video_2	4	6	0.30	9 聊天
video_2	4	6	0.30	④ 搜索
video_2	4	6	0.30	Q 图片 巴视频 四新闻
video_2	4	6	1.00	r_goal：
video_2	4	6	0.50	内，通过连续发布和复盘，验证《视频工厂》能否稳定产生高质量需求信号，并从中沉淀出可承接的服务 /工作包 /咨询方向。
video_2	4	6	1.00	判断成功的最低条件：
video_2	4	6	0.50	• 连续有一批视频能引发"我也有这个问题/ 怎么做/能不能帮我做"的反馈；
video_2	4	6	0.50	• 有效私信或评论不是偶发一次；
video_2	4	6	0.50	• 能归纳出 1-2类明确需求人群；
video_2	4	6	0.50	• 至少能形成一个初步服务/工作包/咨询方向。
video_2	4	6	1.00	判断失败的条件：
video_2	4	6	0.50	• 播放、点赞有一点，但长期没有真实问题反馈；
video_2	4	6	0.50	• 评论只停留在泛泛围观；
video_2	4	6	0.50	• 私信都是白嫖工具、要资源、问泛泛教程；
video_2	4	6	0.50	• 不能沉淀出任何可承接方向。
video_2	4	6	0.30	3.为什么不是单纯追播放/ 点赞/客资
video_2	4	6	1.00	不是单纯追播放：播放只证明平
video_2	4	6	1.00	意分发，不证明用户有需求。播放高但没有收藏、评论、私信，可能只是
video_2	4	6	1.00	泛流量吃瓜。
video_2	4	6	0.50	不是单纯追点赞：点赞证明“看着顺手认同“，但不证明用户要解决问题。点赞高、收藏低，说明内容爽但不一
video_2	4	6	1.00	定有复用价值。
video_2	4	6	1.00	不是一开始追成交：成交是后置指标。当前项目还在验证”谁有需求、需求是什么、什么内容能触发需求”。太
video_2	4	6	1.00	早追成交，会把内容做成销售号，反而损害真实经验感。
video_2	4	6	1.00	客资重要，但不该一开始当唯一主目标：如果还没确认用户是谁、需求是什么、哪类内容能打中用户，直接追
video_2	4	6	1.00	客资会吸来大量低质量私信，拖垮判断。
video_2	4	6	1.00	当前阶段主目标应该是：
video_2	4	6	0.50	先验证"真实 AI使用内容能不能稳定产生有效需求信号”，再逐步升级到客资和商业验证。
video_2	4	6	0.30	…巴
video_2	5	8	0.30	S 聊天
video_2	5	8	0.30	④ 搜索
video_2	5	8	0.30	Q 图片 巴视频 四新闻
video_2	5	8	0.30	••。
video_2	5	8	1.00	不是看我能不能做视频，而是看这些视频能不能持续帮我找到真实有需求的人。
video_2	5	8	0.50	阶段假设：
video_2	5	8	1.00	north_star_goal：
video_2	5	8	0.50	3-6个月内，通过连续发布和复。
video_2	5	8	0.30	验证《视频工厂》能香稳定产生高质量需求信号，并从中沉淀出可承摸的服务 /工作包 G
video_2	5	8	1.00	判断成功的最低条件：
video_2	5	8	0.50	• 连续有一批视频能引发"我也有这个问题/怎么做/能不能帮我做"的反馈；
video_2	5	8	0.50	• 有效私信或评论不是偶发一次；
video_2	5	8	0.30	• 能归纳出 1-2类明确需求人群；
video_2	5	8	0.50	• 至少能形成一个初步服务/工作包/咨询方向。
video_2	5	8	1.00	判断失败的条件：
video_2	5	8	0.50	• 播放、点赞有一点，但长期没有真实问题反馈；
video_2	5	8	0.50	•评论只停留在泛泛围观；
video_2	5	8	0.50	• 私信都是白嫖工具、要资源、问泛泛教程；
video_2	5	8	0.50	• 不能沉淀出任何可承接方向。
video_2	5	8	0.30	3.为什么不是单纯追播放/ 点赞/客资
video_2	5	8	1.00	不是单纯追播放：播放只证明平台愿意分发，不证明用户有需求。播放高但没有收藏、评论、私信，可能只是
video_2	5	8	1.00	泛流量吃瓜。
video_2	5	8	1.00	不是单纯追点赞：点赞证明”看着顺手认同”，但不证明用户要解决问题。点赞高、收藏低，说明内容爽但不一
video_2	5	8	1.00	定有复用价值。
video_2	5	8	1.00	不是一开始追成交：成交是后置指标。当前项目还在验证“谁有需求、需求是什么、什么内容能触发需求”。太
video_2	5	8	0.50	早追成交，会把内容做成销售号，反而损害真实经验 山
video_2	5	8	1.00	客资重要，但不该一开始当唯一主目标：如果还没确认用户是谁、需求是什么、哪类内容能打中用户，直接追
video_2	6	10	0.30	⑤ 聊天
video_2	6	10	0.30	④ 搜索 Q图片巴视频四新闻
video_2	6	10	1.00	不是看我能不能做视频，而是看这些视频能不能持续帮我找到真实有需求的人。
video_2	6	10	0.50	阶段假设：
video_2	6	10	0.50	north_star_goal：
video_2	6	10	0.50	3-6个月内，通过连续发布和复盘，
video_2	6	10	0.50	验证《视频工厂》能否稳定产生高质量需求信号，并从中沉淀出可承接的服务 /工作包/
video_2	6	10	1.00	判断成功的最低条件：
video_2	6	10	0.50	•连续有一批视频能引发"我也有这个问题/怎么做/能不能帮我做"的反馈；
video_2	6	10	0.50	• 有效私信或评论不是偶发一次；
video_2	6	10	0.50	• 能归纳出 1-2类明确需求人群；
video_2	6	10	0.50	• 至少能形成一个初步服务/工作包/咨询方向。
video_2	6	10	1.00	判断失败的条件：
video_2	6	10	0.50	•播放、点赞有一点，但长期没有真实问题反馈；
video_2	6	10	0.50	• 评论只停留在泛泛围观；
video_2	6	10	0.50	• 私信都是白嫖工具、要资源、问泛泛教程；
video_2	7	12	0.30	⑤ 聊天
video_2	7	12	0.30	④ 搜索
video_2	7	12	0.30	Q 图片
video_2	7	12	0.30	巴视频
video_2	7	12	0.30	巴新闻
video_2	7	12	1.00	不是看我能不能做视频，而是看这些视频能不能持续帮我找到真实有需求的人。
video_2	7	12	1.00	阶段假设：
video_2	7	12	0.50	north_star_goal：
video_2	7	12	0.30	3-6个月内，通过连续发布和复盘，验证《视频工厂》，香格定产生高质量需次信号，并从中沉淀出可承强的服务 /工作包/
video_2	7	12	1.00	判断成功的最低条件：
video_2	7	12	0.50	• 连续有一批视频能引发"我也有这个问题/怎么做/能不能帮我做”的反馈；
video_2	7	12	0.50	• 有效私信或评论不是偶发一次；
video_2	7	12	0.50	。能归纳出 1-2 类明确需求人群；
video_2	7	12	0.50	•至少能形成一个初步服务/工作包/咨询方向。
video_2	7	12	1.00	判断失败的条件：
video_2	7	12	0.50	•播放、点赞有一点，但长期没有真实问题反馈；
video_2	7	12	0.50	•评论只停留在泛泛围观；
video_2	7	12	1.00	• 私信都是白嫖工具、要资源、问泛泛教程；
video_2	8	14	0.50	告不能做视频，而是看这些视频能不能持续帮我找到真实有需求的人。
video_2	8	14	0.30	过 模装初和复盘，领证《知坂工厂》 能百 定产生商质 需求信导，井从中沉速出可承授的服务/作包、0
video_2	8	14	0.50	频能引发“我也有这个问题/怎么做/能不能帮我做"的反馈；
video_2	8	14	0.50	仑不是偶发一次；
video_2	8	14	1.00	明确需求人群；
video_2	8	14	0.50	初步服务/工作包/咨询方向。
video_2	8	14	1.00	，但长期没有真实问题反馈；
video_2	8	14	0.50	围观；
video_2	8	14	1.00	要资源、问泛泛教程；
video_2	8	14	0.30	接方向。
video_2	8	14	0.30	屯追播放/点赞/客资
video_2	8	14	0.30	正明平台愿意分发，不证明用户有需求。播放高没有收 江 店一 。
video_2	9	16	1.00	效私信或评论不是偶发一次；
video_2	9	16	0.50	日纳出 1-2类明确需求人群；
video_2	9	16	0.50	以能形成一个初步服务/工作包/ 咨询方向。
video_2	9	16	0.50	的条件：
video_2	9	16	0.50	、点赞有一点，但长期没有真实问题反馈；
video_2	9	16	1.00	只停留在泛泛围观；
video_2	9	16	1.00	B是白嫖工具、要资源、问泛泛教程；
video_2	9	16	1.00	淀出任何可承接方向。
video_2	9	16	0.30	么不是单纯追播放/ 点赞/客资
video_2	9	16	1.00	要放：播放只证明平台愿意分发，不证明用户有需求。播放高但没有收藏、评论、私信，可能只是
video_2	9	16	0.50	赞：点赞证明“看着顺手认同”，但不证明用户要解决问点赞高、收藏低，说明内容爽但不一
video_2	9	16	0.50	交：成交是后置指标。当前项目还在验证“谁有需求、需求是什么、什么内容能触发需求”。太
video_2	9	16	0.50	内容做成销售号，反而损害真实经验感。
video_2	9	16	1.00	该一开始当唯一主目标：如果还没确认用户是谁、需求是什么、哪类内容能打中用户，直接追
video_2	10	18	0.30	⑤ 聊天
video_2	10	18	0.30	④ 搜索
video_2	10	18	0.30	Q 图片 巴视频 四新闻
video_2	10	18	0.30	••。
video_2	10	18	1.00	北极星目标
video_2	10	18	0.30	- 单条视頻实验
video_2	10	18	0.30	- 发布数据回收
video_2	10	18	0.30	- 复盘诊断短板
video_2	10	18	0.50	- 下一期只改一个变量
video_2	10	18	0.30	• 需求 / 客资 / 产品化信号沉淀
video_2	10	18	0.30	-更新目标和选题策略
video_2	10	18	0.30	•下一条视频实验
video_2	10	18	0.50	四圈飞轮：
video_2	10	18	1.00	第一圈：内容飞轮
video_2	10	18	0.30	内容发布 - 播放 /留存/点赞/收藏 -判断选题、开头、结构、证据短板 -下一条只改一个变量
video_2	10	18	1.00	第二圈：需求飞轮
video_2	10	18	0.30	内容发布 -评论 /收藏 /私信 - 判断用户真实问题 -调整选题、人群、表达角度
video_2	10	18	1.00	第三圈：客资飞轮
video_2	10	18	0.30	有效私信出现 -给客资打分 -判断需求类型 - 筛选高质量用户 - 沉淀服务 / 工作包方向
video_2	10	18	1.00	第四圈：产品化飞轮
video_2	10	18	0.30	多个高质量需求重复出现 -归纳共性流程 •做工作包 / 咨询 / 服务雏形 •反过
video_2	10	18	0.50	寻内容证明方式
video_2	10	18	0.50	5. 指标分层
video_2	10	18	1.00	层级
video_2	10	18	1.00	代表什么
video_2	10	18	1.00	不能代表什么
video_2	10	18	0.50	触达层
video_2	10	18	1.00	平台是否愿意推，开头是
video_2	10	18	1.00	否能留人
video_2	10	18	1.00	不代表内容有价值，也不
video_2	10	18	1.00	代表有需求
video_2	10	18	1.00	认可层
video_2	10	18	0.30	瓦动层
video_2	10	18	1.00	指标
video_2	10	18	1.00	播放量、推荐流量、3秒
video_2	10	18	1.00	留存、5秒留存、完播
video_2	10	18	1.00	率、平均观看时长
video_2	10	18	1.00	点赞、收藏、转发、关
video_2	10	18	1.00	注、主页访问
video_2	10	18	0.30	评诊数 评诊质最复沭
video_2	10	18	1.00	对下一期的影响
video_2	10	18	1.00	播放低先看选题和开头；留存
video_2	10	18	0.50	低先看前 5秒和节奏
video_2	10	18	1.00	用户是否认可内容，有无
video_2	10	18	0.30	复用价
video_2	10	18	0.30	用户是否产牛井鸣疑问
video_2	10	18	1.00	不代表客资成立
video_2	10	18	0.50	不代夷能成交
video_2	10	18	0.50	点赞低改观点表达；收藏低改
video_2	10	18	1.00	方法步骤和可复用结构
video_2	10	18	0.30	评诊少改问题感•评论泛改话
video_2	11	20	0.30	9 聊天
video_2	11	20	0.30	④ 搜索 Q图片 巴视频 四新闻
video_2	11	20	0.50	4. 目标飞轮图
video_2	11	20	1.00	北极星目标
video_2	11	20	0.30	- 单条视频实验
video_2	11	20	0.30	• 发布数据回收
video_2	11	20	0.30	• 复盘诊断短板
video_2	11	20	0.50	• 下一期只改一个变量
video_2	11	20	0.30	-需求 /客资/产品化信号沉淀
video_2	11	20	0.50	• 更新目标和选题策略
video_2	11	20	0.30	下一条视頻实验
video_2	11	20	1.00	四圈飞轮：
video_2	11	20	1.00	第一圈：内容飞轮
video_2	11	20	0.30	内容发布 -指放 /留存 / 点赞 /收藏-判断选题、开头、结构、证据短板 -下一条只改一个变量
video_2	11	20	1.00	第二圈：需求飞轮
video_2	11	20	0.30	内容发布 -评论 /收藏/私信 - 判断用户真实问题 -调整选题、人醇、表达角度
video_2	11	20	1.00	第三圈：客资飞轮
video_2	11	20	0.30	有效私信出现 - 给客资打分 -判断需求类型 -筛选高质量用户 - 沉淀服务 / 工作包方向
video_2	11	20	1.00	第四圈：产品化飞轮
video_2	11	20	0.30	多个高质量需求重复出现 -归纳共性流程 - 做工作包 /咨询 /服务雏形 -反过来指导内容证明方式
video_2	11	20	0.50	5. 指标分层
video_2	11	20	1.00	层级
video_2	11	20	1.00	指标
video_2	11	20	0.50	代表什么
video_2	11	20	1.00	不能代表什么
video_2	11	20	1.00	触达层
video_2	11	20	1.00	播放量、推荐流量、3秒
video_2	11	20	1.00	留存、5秒留存、完播
video_2	11	20	1.00	率、平均观看时长
video_2	11	20	1.00	平台是否愿意推，开头是
video_2	11	20	1.00	否能留人
video_2	11	20	1.00	不代表内容有价值，也不
video_2	11	20	1.00	代表有需求
video_2	11	20	1.00	认可层
video_2	11	20	1.00	点赞、收藏、转发、关
video_2	11	20	1.00	用户是否认可内容，有无
video_2	11	20	1.00	不代表客资成立
video_2	11	20	1.00	对下一期的影响
video_2	11	20	0.50	播放低先看选题和开头；留存
video_2	11	20	0.50	低先看前 5秒和节奏
video_2	11	20	0.50	点赞低改观点表达；收藏低改
video_2	12	22	0.30	9 聊天
video_2	12	22	0.30	搜索 Q 图片 巴视频 四新闻
video_2	12	22	0.50	先验证"真实 Al使用内容能不能稳定产生有效需求信号”，再逐步升级到客资和商业验证。
video_2	12	22	0.50	4.目标飞轮图
video_2	12	22	1.00	北极星目标
video_2	12	22	0.50	- 单条视频实验
video_2	12	22	0.50	- 发布数据回收
video_2	12	22	0.30	• 复盘诊断短板
video_2	12	22	0.50	下一期只改一个变量
video_2	12	22	0.30	• 需求/ 客资 / 产品化信号沉淀
video_2	12	22	0.50	- 更新目标和选题策略
video_2	12	22	0.30	-下一条视频实验
video_2	12	22	0.50	四圈飞轮：
video_2	12	22	1.00	第一圈：内容飞轮
video_2	12	22	0.30	内容发布 -播放/留存/点赞 /收藏-判断选题、开头、结构、证据短板 -下一条只改一个变量
video_2	12	22	1.00	第二圈：需求飞轮
video_2	12	22	0.30	内容发布 -评论/收藏 /私信 -判断用户真实问题-调整选题、人群、表达角度
video_2	12	22	1.00	第三圈：客资飞轮
video_2	12	22	0.30	有效私信出现 -•给客资打分 -•判断需求类型 -筛选高质量用户 -•沉淀服务 / 工作包方向
video_2	12	22	1.00	第四圈：产品化飞轮
video_2	12	22	0.30	多个高质量需求重复出现 -归纳共性流程 ••做工作包/ 咨询/服务雏形-•反过来指导内容证明方式
video_2	12	22	0.50	5. 指标分层
video_2	12	22	1.00	层级
video_2	12	22	1.00	指标
video_2	12	22	1.00	代表什么
video_2	12	22	1.00	不能代表什么
video_2	12	22	0.50	触达层
video_2	12	22	1.00	播放量、推荐流量、3秒
video_2	12	22	1.00	留存、5秒留存、完播
video_2	12	22	1.00	率、平均观看时长
video_2	12	22	1.00	平台是否愿意推，开头是
video_2	12	22	0.30	否能留
video_2	12	22	1.00	不代表内容有价值，也不
video_2	12	22	1.00	代表有需求
video_2	12	22	1.00	对下一期的影响
video_2	12	22	1.00	播放低先看选题和开头；留存
video_2	12	22	0.30	低先看前5秒和节奏
video_2	13	24	0.30	九獲班 是头A使用的合能个能倦处，主月从而不后了，廿您多不级刘合央作问业。
video_2	13	24	0.30	4. 目标飞轮图
video_2	13	24	1.00	北极星目标
video_2	13	24	0.30	- 单条视频实验
video_2	13	24	0.50	- 发布数据回收
video_2	13	24	0.50	- 复盘诊断短板
video_2	13	24	0.30	-下一期只改一句食量
video_2	13	24	0.30	- 需求 / 客资 人产品化信号沉淀
video_2	13	24	0.50	- 更新目标和选题策略
video_2	13	24	0.30	- 下一条视频实验
video_2	13	24	1.00	四圈飞轮：
video_2	13	24	0.50	第一圈：内容飞轮
video_2	13	24	0.30	内容发布一-播放 /留存 /点赞 /收藏-判断选题、开头、结构、证据短板-下一条只改一个变量
video_2	13	24	1.00	第二圈：需求飞轮
video_2	13	24	0.30	内容发布 -•评论 /收藏 /私信-•判断用户真实问题 -调整选题、人群、表达角度
video_2	13	24	1.00	第三圈：客资飞轮
video_2	13	24	0.30	有效私信出现 - 给客资打分 - 判断需求类型 - 筛选高质量用户 - 沉淀服务 /工作包方向
video_2	14	26	0.30	4. 目标飞轮图
video_2	14	26	1.00	北极星目标
video_2	14	26	0.30	- 单条视频实验
video_2	14	26	0.50	- 发布数据回收
video_2	14	26	0.50	- 复盘诊断短板
video_2	14	26	0.50	- 下一期只改一个变量
video_2	14	26	0.30	- 需求 / 客资 /产品化信号沉淀
video_2	14	26	0.50	- 更新目标和选题策略
video_2	14	26	0.50	- 下一条视频实验
video_2	14	26	1.00	四圈飞轮：
video_2	14	26	0.50	第一圈：内容飞轮
video_2	14	26	0.30	内容发布 -播放 /留存 /点赞 /收藏-•判断选题、开头、结构、证据短板 -下一条只改一个变量
video_2	14	26	1.00	第二圈：需求飞飞轮
video_2	14	26	0.30	内容发布-评论 /收藏 / 私信 -判断用户真实问题-调整选题、人群、表达角度
video_2	14	26	1.00	第三圈：客资飞轮
video_2	14	26	0.30	有效私信出现 -给客资打分 -•判断需求类型 -筛选高质量用户 -沉淀服务 /工作包方向
video_2	15	28	0.30	S 聊天
video_2	15	28	0.30	④ 搜索
video_2	15	28	0.30	Q 图片
video_2	15	28	0.30	日 视频 图 新闻
video_2	15	28	0.30	期只改一个要量
video_2	15	28	0.30	- 需求/ 客资 / 产品化信号沉淀
video_2	15	28	0.30	- 更新目标和选题策略
video_2	15	28	0.30	-下一条视频实验
video_2	15	28	1.00	四圈飞轮：
video_2	15	28	1.00	第一圈：内容飞轮
video_2	15	28	0.30	内容发布 - 播放/留存/点赞/收藏 -判断选题、开头、结构、证据短板-下一条只改一个变量
video_2	15	28	1.00	第二圈：需求飞轮
video_2	15	28	0.30	内容发布 -评论/收藏 /私信 - 判断用户真实问题 调整迭题、人群、表达角度
video_2	15	28	1.00	第三圈：客资飞轮
video_2	15	28	0.30	有效私信出现 -给客资打分 -判断需求类型 -筛选高质量用户 -沉淀服务 /工作包方向
video_2	15	28	1.00	第四圈：产品化飞轮
video_2	15	28	0.30	多个高质量需求重复出现 -归纳共性流程 -做工作包 / 咨询/服务雏形 -反过来指导内容证明方式
video_2	15	28	0.50	5. 指标分层
video_2	15	28	1.00	层级
video_2	15	28	1.00	代表什么
video_2	15	28	1.00	不能代表什么
video_2	15	28	1.00	触达层
video_2	15	28	1.00	平台是否愿意推，开头是
video_2	15	28	1.00	否能留人
video_2	15	28	1.00	不代表内容有价值，也不
video_2	15	28	1.00	代表有需求
video_2	15	28	1.00	认可层
video_2	15	28	1.00	互动层
video_2	15	28	1.00	需求层
video_2	15	28	1.00	指标
video_2	15	28	1.00	播放量、推荐流量、3秒
video_2	15	28	1.00	留存、5秒留存、完播
video_2	15	28	1.00	率、平均观看时长
video_2	15	28	1.00	点赞、收藏、转发、关
video_2	15	28	1.00	注、主页访问
video_2	15	28	1.00	评论数、评论质量、复述
video_2	15	28	1.00	痛点、追问细节
video_2	15	28	1.00	私信数、有效私信数、问
video_2	15	28	0.30	工具/ 流程/模板/服务
video_2	15	28	0.50	用户是否认可内容，有无 不代表客资成立
video_2	15	28	1.00	复用价值
video_2	15	28	1.00	用户是否产生共鸣、疑问
video_2	15	28	1.00	或讨论
video_2	15	28	0.30	是否出2 实需求信号
video_2	15	28	1.00	不代表能成交
video_2	15	28	1.00	不代表客资质量高
video_2	15	28	0.30	…巴
video_2	15	28	1.00	对下一期的影响
video_2	15	28	1.00	播放低先看选题和开头；留存
video_2	15	28	0.50	低先看前 5 秒和节奏
video_2	15	28	1.00	点赞低改观点表达；收藏低改
video_2	15	28	1.00	方法步骤和可复用结构
video_2	15	28	1.00	评论少改问题感；评论泛改话
video_2	15	28	0.50	题精准度
video_2	15	28	1.00	私信少改场景和承接；私信多
video_2	15	28	1.00	但泛改筛选
video_2	16	30	0.30	9 聊天
video_2	16	30	0.30	④ 搜索
video_2	16	30	0.30	Q 图片 巴视频 四新闻
video_2	16	30	0.30	内容发布 -播放 /留存/ 点赞/收藏 -判断选题、开头、结构、证据短板 -下一条只改一个变量
video_2	16	30	1.00	第二圈：需求飞轮
video_2	16	30	0.30	内容发布 -评论/收藏 / 私信 -判断用户真实问题 调整选题、人群、表达角度
video_2	16	30	1.00	第三圈：客资飞轮
video_2	16	30	0.30	有效私信出现 -给客资打分 - 判断需求类型 -筛选高质量用户 - 沉淀服务 / 工作包方向
video_2	16	30	1.00	第四圈：产品化飞轮
video_2	16	30	0.30	多个高质量需求重复出现 -归纳共性流程 -•做工作包 / 咨询 /服务雏形-反过来指导内容证明方式
video_2	16	30	1.00	5.指标分层
video_2	16	30	1.00	层级
video_2	16	30	1.00	代表什么
video_2	16	30	1.00	不能代表什么
video_2	16	30	1.00	触达层
video_2	16	30	1.00	平台是否愿意推，开头是
video_2	16	30	1.00	否能留人
video_2	16	30	1.00	不代表内容有价值，也不
video_2	16	30	1.00	代表有需求
video_2	16	30	1.00	认可层
video_2	16	30	1.00	互动层
video_2	16	30	1.00	需求层
video_2	16	30	1.00	客资层
video_2	16	30	1.00	商业验证层
video_2	16	30	1.00	指标
video_2	16	30	1.00	播放量、推荐流量、3秒
video_2	16	30	0.50	留存、5秒留存、完播
video_2	16	30	1.00	率、平均观看时长
video_2	16	30	1.00	点赞、收藏、转发、关
video_2	16	30	0.30	注、走页访问
video_2	16	30	0.30	评论众』评论质量、复述
video_2	16	30	1.00	痛点、追问细节
video_2	16	30	1.00	私信数、有效私信数、问
video_2	16	30	0.30	工具 /流程/ 模板/ 服务
video_2	16	30	1.00	的人数
video_2	16	30	0.50	弱/中/高意向客资，可
video_2	16	30	1.00	转化客资，无效客资
video_2	16	30	1.00	付费咨询、定制化视频、
video_2	16	30	0.50	AI 工作流搭建、工作包需
video_2	16	30	0.30	求复购可能
video_2	16	30	1.00	用户是否认可内容，有无
video_2	16	30	1.00	复用价值
video_2	16	30	1.00	用户是否产生共吗、疑问
video_2	16	30	1.00	或讨论
video_2	16	30	1.00	是否出现真实需求信号
video_2	16	30	1.00	不代表客资成立
video_2	16	30	1.00	不代表能成交
video_2	16	30	1.00	不代表客资质量高
video_2	16	30	1.00	来的人值不值得承接
video_2	16	30	1.00	不代表商业模式已成立
video_2	16	30	0.30	是否能 少 服务/产品
video_2	16	30	1.00	不代表可规模化
video_2	16	30	0.30	…巴
video_2	16	30	1.00	对下一期的影响
video_2	16	30	1.00	播放低先看选题和开头；留存
video_2	16	30	0.30	低先看前5 秒和节奏
video_2	16	30	0.50	点赞低改观点表达；收藏低改
video_2	16	30	1.00	方法步骤和可复用结构
video_2	16	30	1.00	评论少改问题感；评论泛改话
video_2	16	30	1.00	题精准度
video_2	16	30	1.00	私信少改场景和承接；私信多
video_2	16	30	1.00	但泛改筛选
video_2	16	30	1.00	客资质量差，重判人群和内容
video_2	16	30	1.00	钩子
video_2	16	30	1.00	重复出现同类需求，才进入产
video_2	16	30	1.00	品化沉淀
video_2	17	32	0.30	9 聊天
video_2	17	32	0.30	④ 搜索
video_2	17	32	0.30	Q 图片 巴视频 巴新闻
video_2	17	32	0.30	多个高质量需求重复出现 -归纳共性流程 -做工作包 /咨询/服务雏形 -反过来指导内容证明方式
video_2	17	32	0.50	5.指标分层
video_2	17	32	1.00	层级
video_2	17	32	1.00	触达层
video_2	17	32	1.00	代表什么
video_2	17	32	1.00	不能代表什么
video_2	17	32	1.00	平台是否愿意推，开头是
video_2	17	32	1.00	否能留人
video_2	17	32	1.00	不代表内容有价值，也不
video_2	17	32	1.00	代表有需求
video_2	17	32	1.00	认可层
video_2	17	32	1.00	互动层
video_2	17	32	1.00	需求层
video_2	17	32	1.00	客资层
video_2	17	32	1.00	商业验证层
video_2	17	32	1.00	指标
video_2	17	32	1.00	播放量、推荐流量、3秒
video_2	17	32	0.50	留存、5秒留存、完播
video_2	17	32	1.00	率、平均观看时长
video_2	17	32	1.00	点赞、收藏、转发、关
video_2	17	32	1.00	注、主页访问
video_2	17	32	1.00	评论数、评论质量、复述
video_2	17	32	1.00	痛点、追问细节
video_2	17	32	1.00	私信数、有效私信数、问
video_2	17	32	0.30	工具/流程/模板/服务
video_2	17	32	1.00	的人数
video_2	17	32	0.30	弱/
video_2	17	32	0.50	高意向客资，可
video_2	17	32	1.00	转化客资，无效客资
video_2	17	32	1.00	付费咨询、定制化视频、
video_2	17	32	0.50	AI 工作流搭建、工作包需
video_2	17	32	1.00	求、复购可能
video_2	17	32	1.00	用户是否认可内容，有无
video_2	17	32	1.00	复用价值
video_2	17	32	0.50	用户是否产生共鸣、疑问
video_2	17	32	1.00	或讨论
video_2	17	32	1.00	是否出现真实需求信号
video_2	17	32	1.00	不代表客资成立
video_2	17	32	1.00	不代表能成交
video_2	17	32	1.00	不代表客资质量高
video_2	17	32	1.00	来的人值不值得承接
video_2	17	32	1.00	不代表商业模式已成立
video_2	17	32	0.50	是否能沉淀服务/产品
video_2	17	32	1.00	不代表可规模化
video_2	17	32	0.50	前置指标：
video_2	17	32	1.00	后置指标：
video_2	17	32	1.00	播放、留存、点赞、收藏、评论
video_2	17	32	0.30	…巴
video_2	17	32	1.00	对下一期的影响
video_2	17	32	1.00	播放低先看选题和开头；留存
video_2	17	32	0.50	低先看前 5 秒和节奏
video_2	17	32	1.00	点赞低改观点表达；收藏低改
video_2	17	32	1.00	方法步骤和可复用结构
video_2	17	32	1.00	评论少改问题感；评论泛改话
video_2	17	32	1.00	题精准度
video_2	17	32	1.00	私信少改场景和承接；私信多
video_2	17	32	1.00	但泛改筛选
video_2	17	32	1.00	客资质量差，重判人群和内容
video_2	17	32	1.00	钩子
video_2	17	32	1.00	重复出现同类需求，才进入产
video_2	17	32	1.00	品化沉淀
video_2	18	34	0.30	9 聊天
video_2	18	34	0.30	④ 搜索
video_2	18	34	0.30	Q 图片 巴视频
video_2	18	34	0.30	四新闻
video_2	18	34	0.30	多个高质量需求重复出现 -归纳共性流程 •做工作包 /咨询/服务雏形 -反过来指导内容证明方式
video_2	18	34	0.50	5. 指标分层
video_2	18	34	1.00	层级
video_2	18	34	1.00	指标
video_2	18	34	0.50	触达层
video_2	18	34	1.00	播放量、推荐流量、3秒
video_2	18	34	1.00	留存、5秒留存、完播
video_2	18	34	1.00	率、平均观看时长
video_2	18	34	1.00	认可层
video_2	18	34	1.00	点赞、收藏、转发、关
video_2	18	34	1.00	代表什么
video_2	18	34	1.00	平台是否愿意推，开头是
video_2	18	34	1.00	否能留人
video_2	18	34	1.00	不能代表什么
video_2	18	34	1.00	不代表内容有价值，也不
video_2	18	34	1.00	代表有需求
video_2	18	34	1.00	不代表客资成立
video_2	18	34	1.00	互动层
video_2	18	34	1.00	需求层
video_2	18	34	1.00	客资层
video_2	18	34	1.00	商业验证层
video_2	18	34	1.00	评论数、评论质量、复述
video_2	18	34	1.00	痛点、追问细节
video_2	18	34	1.00	私信数、有效私信数、问
video_2	18	34	0.30	工具/流程/模板/服务
video_2	18	34	1.00	的人数
video_2	18	34	0.50	弱/中/高意向客资，可
video_2	18	34	1.00	转化客资，无效客资
video_2	18	34	1.00	付费咨询、定制化视频、
video_2	18	34	0.50	AI 工作流搭建、工作包需
video_2	18	34	1.00	求、复购可能
video_2	18	34	1.00	用户是否认可内容，有无
video_2	18	34	1.00	复用价值
video_2	18	34	1.00	用户是否产生共鸣、疑问
video_2	18	34	1.00	或讨论
video_2	18	34	1.00	是否出现真实需求信号
video_2	18	34	1.00	不代表能成交
video_2	18	34	1.00	不代表客资质量高
video_2	18	34	1.00	来的人值不值得承接
video_2	18	34	1.00	不代表商业模式已成立
video_2	18	34	0.50	是否能沉淀服务/产品
video_2	18	34	1.00	不代表可规模化
video_2	18	34	0.50	前置指标：
video_2	18	34	1.00	后置指标：
video_2	18	34	1.00	播放、留存、点赞、收藏、评论
video_2	18	34	0.30	…巴
video_2	18	34	1.00	对下一期的影响
video_2	18	34	1.00	播放低先看选题和开头；留存
video_2	18	34	0.50	低先看前 5 秒和节奏
video_2	18	34	1.00	点赞低改观点表达；收藏低改
video_2	18	34	1.00	方法步骤和可复用结构
video_2	18	34	1.00	评论少改问题感；评论泛改话
video_2	18	34	1.00	题精准度
video_2	18	34	1.00	私信少改场景和承接；私信多
video_2	18	34	1.00	但泛改筛选
video_2	18	34	1.00	客资质量差，重判人群和内容
video_2	18	34	1.00	钩子
video_2	18	34	1.00	重复出现同类需求，才进入产
video_2	18	34	1.00	品化沉淀
video_2	19	36	0.50	5.指标分层
video_2	19	36	1.00	层级
video_2	19	36	1.00	触达层
video_2	19	36	1.00	认可层
video_2	19	36	1.00	互动层
video_2	19	36	1.00	需求层
video_2	19	36	1.00	客资层
video_2	19	36	1.00	商业验证层
video_2	19	36	1.00	指标
video_2	19	36	1.00	播放量、推荐流量、3秒
video_2	19	36	1.00	留存、5秒留存、完播
video_2	19	36	1.00	率、平均观看时长
video_2	19	36	1.00	点赞、收藏、转发、关
video_2	19	36	1.00	注、主页访问
video_2	19	36	1.00	评论数、评论质量、复述
video_2	19	36	1.00	痛点、追问细节
video_2	19	36	1.00	私信数、有效私信数、问
video_2	19	36	0.30	工具/流程/模板1服务
video_2	19	36	1.00	的人数
video_2	19	36	0.50	弱1中1高意向客资，可
video_2	19	36	1.00	转化客资，无效客资
video_2	19	36	1.00	付费咨询、定制化视频、
video_2	19	36	0.30	一法 油
video_2	19	36	0.30	十作可椰
video_2	19	36	1.00	代表什么
video_2	19	36	1.00	平台是否愿意推，开头是
video_2	19	36	1.00	否能留人
video_2	19	36	1.00	不能代表什么
video_2	19	36	1.00	不代表內容有价值，也不
video_2	19	36	1.00	代表有需求
video_2	19	36	1.00	不代表客资成立
video_2	19	36	1.00	用户是否认可内容，有无
video_2	19	36	1.00	复用价值
video_2	19	36	0.50	用户是否产生共鸣、疑问
video_2	19	36	1.00	或讨论
video_2	19	36	1.00	是否出现真实需求信号
video_2	19	36	1.00	不代表能成交
video_2	19	36	0.50	不代表客资质量育
video_2	19	36	1.00	来的人值不值得承接
video_2	19	36	0.50	不代表商业樽
video_2	19	36	0.50	是否能沉淀服务|产品
video_2	19	36	0.30	不代表可料
video_2	20	38	0.50	5.指标分层
video_2	20	38	1.00	层级
video_2	20	38	1.00	触达层
video_2	20	38	1.00	认可层
video_2	20	38	1.00	互动层
video_2	20	38	1.00	需求层
video_2	20	38	1.00	客资层
video_2	20	38	1.00	商业验证层
video_2	20	38	0.50	指标
video_2	20	38	1.00	播放量、推荐流量、3秒
video_2	20	38	1.00	留存、5秒留存、完播
video_2	20	38	1.00	率、平均观看时长
video_2	20	38	1.00	点赞、收藏、转发、关
video_2	20	38	1.00	注、主页访问
video_2	20	38	0.50	评论数、评论质量、复述
video_2	20	38	1.00	痛点、追问细节
video_2	20	38	1.00	私信数、有效私信数、问
video_2	20	38	0.30	工具 /流程1模板/ 服务
video_2	20	38	1.00	的人数
video_2	20	38	0.30	弱1中/高意向客资，可
video_2	20	38	1.00	转化客资，无效客资
video_2	20	38	0.50	付费咨询、 定制化视频、
video_2	20	38	1.00	代表什么
video_2	20	38	1.00	平台是否愿意推，开头是
video_2	20	38	1.00	否能留人
video_2	20	38	1.00	不能代表什么
video_2	20	38	0.30	不代表內容有价值，+
video_2	20	38	1.00	代表有需求
video_2	20	38	1.00	用户是否认可内容，有无
video_2	20	38	1.00	复用价值
video_2	20	38	0.50	用户是否产生共鸣、疑问
video_2	20	38	1.00	或讨论
video_2	20	38	1.00	是否出现真实需求信号
video_2	20	38	1.00	不代表客资成立
video_2	20	38	1.00	不代表能成交
video_2	20	38	0.30	不代表客咨
video_2	20	38	1.00	来的人值不值得承接
video_2	20	38	1.00	不代表
video_2	20	38	0.50	是否能沉淀服务|产品
video_2	21	40	0.50	5.指标分层
video_2	21	40	1.00	层级
video_2	21	40	1.00	触达层
video_2	21	40	1.00	认可层
video_2	21	40	1.00	互动层
video_2	21	40	1.00	需求层
video_2	21	40	1.00	客资层
video_2	21	40	1.00	商业验证层
video_2	21	40	0.50	指标
video_2	21	40	0.50	播放量、推荐流量、3秒
video_2	21	40	1.00	留存、5秒留存、完播
video_2	21	40	1.00	率、平均观看时长
video_2	21	40	1.00	点赞、收藏、转发、关
video_2	21	40	1.00	注、主页访问
video_2	21	40	1.00	评论数、评论质量、复述
video_2	21	40	1.00	痛点、追问细节
video_2	21	40	1.00	私信数、有效私信数、问
video_2	21	40	0.30	工具1流程| 模板 |服务
video_2	21	40	1.00	的人数
video_2	21	40	0.30	弱1中/高意向客资，可
video_2	21	40	1.00	转化客资，无效客资
video_2	21	40	1.00	付费咨询、定制化视频、
video_2	21	40	1.00	代表什么
video_2	21	40	1.00	平台是否愿意推，开头是
video_2	21	40	1.00	否能留人
video_2	21	40	1.00	不能代表什么
video_2	21	40	0.30	不代表內容有价值，+
video_2	21	40	1.00	代表有需求
video_2	21	40	1.00	用户是否认可内容，有无
video_2	21	40	1.00	复用价值
video_2	21	40	0.50	用户是否产生共鸣、疑问
video_2	21	40	1.00	或讨论
video_2	21	40	1.00	是否出现真实需求信号
video_2	21	40	1.00	不代表客资成立
video_2	21	40	1.00	不代表能成交
video_2	21	40	0.50	不代表客咨
video_2	21	40	1.00	来的人值不值得承接
video_2	21	40	0.50	是否能沉淀服务|产品
video_2	21	40	1.00	不代表
video_2	22	42	0.50	层级
video_2	22	42	1.00	触达层
video_2	22	42	1.00	认可层
video_2	22	42	1.00	互动层
video_2	22	42	1.00	需求层
video_2	22	42	1.00	客资层
video_2	22	42	0.50	商业验证层
video_2	22	42	0.30	捐祢
video_2	22	42	1.00	播放量、推荐流量、3秒
video_2	22	42	1.00	留存、5秒留存、完播
video_2	22	42	1.00	率、平均观看时长
video_2	22	42	1.00	点赞、收藏、转发、关
video_2	22	42	1.00	注、主页访问
video_2	22	42	1.00	评论数、评论质量、复述
video_2	22	42	1.00	痛点、追问细节
video_2	22	42	1.00	私信数、有效私信数、问
video_2	22	42	0.30	工具 / 流程1模板/ 服务
video_2	22	42	1.00	的人数
video_2	22	42	0.50	弱1中|高意向客资，可
video_2	22	42	1.00	转化客资，无效客资
video_2	22	42	1.00	付费咨询、定制化视频、
video_2	22	42	0.50	Al 工作流搭建、工作包需
video_2	22	42	1.00	求、复购可能
video_2	22	42	0.30	代衣付公
video_2	22	42	1.00	平台是否愿意推，开头是
video_2	22	42	1.00	否能留人
video_2	22	42	1.00	用户是否认可内容，有无
video_2	22	42	1.00	复用价值
video_2	22	42	0.50	用户是否产生共鸣、疑间
video_2	22	42	1.00	或讨论
video_2	22	42	1.00	是否出现真实需求信号
video_2	22	42	0.30	今能代衣 公
video_2	22	42	0.50	不代表内容有价值，也不
video_2	22	42	1.00	代表有需求
video_2	22	42	1.00	不代表客资成立
video_2	22	42	1.00	不代表能成交
video_2	22	42	1.00	不代表客资质
video_2	22	42	1.00	来的人值不值得承接
video_2	22	42	0.50	是否能沉淀服务|产品
video_2	22	42	0.50	不代表商
video_2	22	42	1.00	不代表
video_2	23	44	0.50	层级
video_2	23	44	1.00	触达层
video_2	23	44	1.00	认可层
video_2	23	44	1.00	互动层
video_2	23	44	1.00	需求层
video_2	23	44	1.00	客资层
video_2	23	44	1.00	商业验证层
video_2	23	44	0.30	捐称
video_2	23	44	1.00	播放量、推荐流量、3秒
video_2	23	44	1.00	留存、5秒留存、完播
video_2	23	44	1.00	率、平均观看时长
video_2	23	44	1.00	点赞、收藏、转发、关
video_2	23	44	1.00	注、主页访问
video_2	23	44	1.00	评论数、评论质量、复述
video_2	23	44	1.00	痛点、追问细节
video_2	23	44	1.00	私信数、有效私信数、问
video_2	23	44	0.30	工具 / 流程1模板/ 服务
video_2	23	44	1.00	的人数
video_2	23	44	0.50	弱1中1高意向客资，可
video_2	23	44	1.00	转化客资，无效客资
video_2	23	44	1.00	付费咨询、定制化视频、
video_2	23	44	0.50	Al 工作流搭建、工作包需
video_2	23	44	1.00	求、复购可能
video_2	23	44	0.30	代衣什公
video_2	23	44	1.00	平台是否愿意推，开头是
video_2	23	44	1.00	否能留人
video_2	23	44	1.00	用户是否认可内容，有无
video_2	23	44	1.00	复用价值
video_2	23	44	0.50	用户是否产生共鸣、疑间
video_2	23	44	1.00	或讨论
video_2	23	44	1.00	是否出现真实需求信号
video_2	23	44	0.30	今能代衣 公
video_2	23	44	0.50	不代表内容有价值，也不
video_2	23	44	1.00	代表有需求
video_2	23	44	1.00	不代表客资成立
video_2	23	44	1.00	不代表能成交
video_2	23	44	1.00	不代表客资质
video_2	23	44	1.00	来的人值不值得承接
video_2	23	44	0.50	是否能沉淀服务|产品
video_2	23	44	0.50	不代表商
video_2	23	44	1.00	不代表
video_2	24	46	1.00	认可层
video_2	24	46	1.00	互动层
video_2	24	46	1.00	需求层
video_2	24	46	1.00	客资层
video_2	24	46	0.30	商业 证层
video_2	24	46	1.00	率、平均观看时长
video_2	24	46	1.00	点赞、收藏、转发、关
video_2	24	46	1.00	注、主页访问
video_2	24	46	1.00	评论数、评论质量、复述
video_2	24	46	1.00	痛点、追问细节
video_2	24	46	1.00	私信数、有效私信数、问
video_2	24	46	0.30	工具/流程| 模板/服务
video_2	24	46	1.00	的人数
video_2	24	46	0.30	弱1中|高意向客资，可
video_2	24	46	1.00	转化客资，无效客资
video_2	24	46	1.00	付费咨询、定制化视频、
video_2	24	46	0.50	Al 工作流搭建、工作包需
video_2	24	46	1.00	求、复购可能
video_2	24	46	1.00	用户是否认可内容，有无
video_2	24	46	1.00	复用价值
video_2	24	46	1.00	用户是否产生共鸣、疑问
video_2	24	46	1.00	或讨论
video_2	24	46	1.00	是否出现真实需求信号
video_2	24	46	1.00	不代表客资成立
video_2	24	46	1.00	不代表能成交
video_2	24	46	1.00	不代表客资质量高
video_2	24	46	0.50	来的人值不值得承接
video_2	24	46	0.30	不代表商业模式已F
video_2	24	46	0.30	是否能沉淀服务|产品
video_2	24	46	1.00	不代表可规模化
video_2	24	46	1.00	前置指标：
video_2	24	46	0.30	採故 昭存、点赞、收藏、评论
video_2	25	48	1.00	互动层
video_2	25	48	1.00	需求层
video_2	25	48	1.00	客资层
video_2	25	48	1.00	商业验证层
video_2	25	48	1.00	评论数、评论质量、复述
video_2	25	48	1.00	痛点、追问细节
video_2	25	48	1.00	私信数、有效私信数、问
video_2	25	48	0.30	工具1 流程 | 模板 | 服务
video_2	25	48	1.00	的人数
video_2	25	48	0.30	弱1中/高意向客资，可
video_2	25	48	1.00	转化客资，无效客资
video_2	25	48	1.00	付费咨询、定制化视频、
video_2	25	48	0.50	AI 工作流搭建、工作包需
video_2	25	48	1.00	求、复购可能
video_2	25	48	1.00	用户是否产生共鸣、疑问
video_2	25	48	1.00	或讨论
video_2	25	48	1.00	是否出现真实需求信号
video_2	25	48	1.00	不代表能成交
video_2	25	48	1.00	不代表客资质量高
video_2	25	48	0.50	来的人值不值得承接
video_2	25	48	1.00	不代表商业模式已成立
video_2	25	48	0.30	是否能沉淀服务I产品
video_2	25	48	1.00	不代表可规模化
video_2	25	48	1.00	前置指标：
video_2	25	48	1.00	播放、留存、点赞、收藏、评论
video_2	25	48	1.00	后置指标：
video_2	25	48	0.30	心 次乐黑 次海膏原、付费、复购
video_2	26	50	0.30	前置指额：
video_2	26	50	0.30	后置搖标：
video_2	26	50	0.30	有效私信，客蛋訴量、咨询理眼，付理
video_2	26	50	0.30	最关键不是单个指柄，而還领条：
video_2	26	50	0.30	摇武差起来
video_2	26	50	0.30	• 用产態意理
video_2	26	50	0.30	一 用产宣解
video_2	26	50	0.30	一 用产思道
video_2	26	50	0.30	—用广暴鑫真买田
video_2	26	50	0.30	• 用户愿重老入司場
video_2	26	50	0.30	6. 有效客资0-5分表
video_2	26	50	0.30	份数
video_2	26	50	0.30	起次
video_2	27	52	0.30	9 聊天
video_2	27	52	0.30	④ 搜索
video_2	27	52	0.30	Q 图片 巴视频
video_2	27	52	0.30	四 新闻
video_2	27	52	0.30	- 用户愿意停留
video_2	27	52	0.30	- 用户觉得有用
video_2	27	52	0.50	- 用户愿意追问
video_2	27	52	0.50	- 用户暴露真实问题
video_2	27	52	0.30	用户愿意进入承接
video_2	27	52	0.50	6. 有效客资 0-5分表
video_2	27	52	1.00	分数
video_2	27	52	1.00	定义
video_2	27	52	1.00	0分
video_2	27	52	1.00	无效私信
video_2	27	52	1.00	典型话术
video_2	27	52	1.00	如何回复
video_2	27	52	1.00	1分
video_2	27	52	1.00	泛泛好奇
video_2	27	52	0.30	么做的？"
video_2	27	52	0.50	看内容
video_2	27	52	0.50	2分
video_2	27	52	1.00	弱需求
video_2	27	52	1.00	3分
video_2	27	52	0.50	4分
video_2	27	52	1.00	明确问题
video_2	27	52	0.30	明确场景＋结果诉求
video_2	27	52	1.00	当前流程
video_2	27	52	0.50	5分
video_2	27	52	0.30	明确场景 ＋预算/ 时间/
video_2	27	52	1.00	决策意愿
video_2	27	52	0.50	泛"
video_2	27	52	0.50	"我想这周搭一套 AI 内容
video_2	27	52	1.00	流程，预算多少，能不能
video_2	27	52	0.30	做？"
video_2	27	52	1.00	方案
video_2	27	52	1.00	进入需求确认，拆交付边
video_2	27	52	1.00	界、周期、报价
video_2	27	52	1.00	有效客资定义：
video_2	27	52	0.30	有效客资 = 分数 ≥ 3
video_2	27	52	1.00	必须
video_2	27	52	1.00	是否沉淀内容
video_2	27	52	0.50	可作为 FAQ
video_2	27	52	1.00	可沉淀成选题
video_2	27	52	1.00	值得沉淀内容
video_2	27	52	1.00	值得沉淀工作包
video_2	27	52	0.50	可沉淀案例
video_2	27	52	0.30	…巴
video_2	27	52	1.00	是否沉淀服务
video_2	27	52	1.00	暂不服务
video_2	27	52	1.00	可考虑轻咨询
video_2	27	52	1.00	可进入服务候选
video_2	27	52	1.00	可转化服务
video_2	28	54	1.00	聊天
video_2	28	54	0.30	毋 搜索
video_2	28	54	0.30	包图片
video_2	28	54	0.30	视频
video_2	28	54	0.30	目新闻
video_2	28	54	0.30	- 用 息追问
video_2	28	54	0.50	- 用户暴露真实问题
video_2	28	54	0.50	用户愿意进入承接
video_2	28	54	0.50	6.有效额资0-5分表
video_2	28	54	1.00	分数
video_2	28	54	1.00	定义
video_2	28	54	1.00	0分
video_2	28	54	1.00	无效私信
video_2	28	54	1.00	1分
video_2	28	54	1.00	泛泛好奇
video_2	28	54	0.50	2分
video_2	28	54	1.00	弱需求
video_2	28	54	0.50	3分
video_2	28	54	1.00	明确问题
video_2	28	54	1.00	典型话术
video_2	28	54	0.30	“资料发我“软件链接给
video_2	28	54	0.30	我“怎么赚钱”
video_2	28	54	0.30	“这个 AI 叫什么？“你怎
video_2	28	54	0.30	么做的？*
video_2	28	54	0.50	“我也想提高效率，但不
video_2	28	54	0.30	知道从哪开始"
video_2	28	54	1.00	*我每周写汇报很慢，AI
video_2	28	54	0.50	写出来很空”
video_2	28	54	0.50	如何回复
video_2	28	54	0.30	是否进私
video_2	28	54	1.00	给低成本公开回答，引导
video_2	28	54	0.50	看内容
video_2	28	54	0.30	一般
video_2	28	54	0.50	可选
video_2	28	54	0.50	4分
video_2	28	54	0.50	明确场景＋结果诉求
video_2	28	54	0.50	做选品和脚本，但鏽果太
video_2	28	54	0.30	泛"
video_2	28	54	0.30	当軌流程
video_2	28	54	0.50	收業场聚、现有流程、目
video_2	28	54	0.30	标結果，判断是否能销少
video_2	28	54	0.30	方案
video_2	29	56	0.30	- 用二愿意追问
video_2	29	56	0.50	-用户暴露真实问题
video_2	29	56	0.30	-用99 询问 ChatGPT
video_2	29	56	0.30	6. 有效客资0-5分表
video_2	29	56	1.00	分数
video_2	29	56	1.00	定义
video_2	29	56	1.00	0分
video_2	29	56	1.00	无效私信
video_2	29	56	0.50	1分
video_2	29	56	1.00	泛泛好奇
video_2	29	56	1.00	2分
video_2	29	56	1.00	弱需求
video_2	29	56	0.50	3分
video_2	29	56	1.00	明确问题
video_2	29	56	0.50	4分
video_2	29	56	0.50	明确场景＋结果诉求
video_2	29	56	1.00	典型话术
video_2	29	56	0.50	"资料发我"软件链接给
video_2	29	56	0.30	我""怎么赚钱"
video_2	29	56	0.30	“这个AI叫什么？“"你怎
video_2	29	56	0.50	么做的？"
video_2	29	56	1.00	"我也想提高效率，但不
video_2	29	56	1.00	知道从哪开始"
video_2	29	56	1.00	"我每周写汇报很慢，AI
video_2	29	56	0.50	写出来很空"
video_2	29	56	0.50	"我是做电商的，想用AI
video_2	29	56	1.00	做选品和脚本，但结果太
video_2	29	56	1.00	如何回复
video_2	29	56	1.00	简短说明不发资源包，不
video_2	29	56	1.00	做自动赚钱承诺
video_2	29	56	0.50	给低成本公开回答，引
video_2	29	56	0.50	看内容
video_2	29	56	1.00	追问具体场景：你现在
video_2	29	56	1.00	在哪类任务？
video_2	29	56	1.00	让对方描述输入、输
video_2	29	56	1.00	当前流程
video_2	29	56	1.00	收集场景、现有流
video_2	29	56	0.30	标结果，判断是召
video_2	30	58	0.30	S 聯天
video_2	30	58	0.30	搜索 Q图片 巴视频 四新闻
video_2	30	58	0.30	用 愿意追回
video_2	30	58	0.50	- 用户暴露真实问题
video_2	30	58	0.50	- 用户愿意进入承接
video_2	30	58	0.50	6. 有效客资 0-5分表
video_2	30	58	1.00	分数
video_2	30	58	1.00	定义
video_2	30	58	0.50	0分
video_2	30	58	1.00	无效私信
video_2	30	58	1.00	1分
video_2	30	58	1.00	泛泛好奇
video_2	30	58	0.50	2分
video_2	30	58	1.00	弱需求
video_2	30	58	1.00	3分
video_2	30	58	0.50	4分
video_2	30	58	1.00	明确问题
video_2	30	58	0.50	明确场景＋结果诉求
video_2	30	58	0.50	5分
video_2	30	58	0.30	明确场景＋预算/时间/
video_2	30	58	0.50	决策意愿
video_2	30	58	1.00	典型话术
video_2	30	58	0.50	“资料发我""软件链接给
video_2	30	58	0.30	我""怎么赚钱"
video_2	30	58	0.30	“这个AI叫什么？『"你怎
video_2	30	58	0.30	么做的？”
video_2	30	58	0.50	“我也想提高效率，但不
video_2	30	58	0.50	知道从哪开始"
video_2	30	58	0.50	“我每周写汇报很慢，AI
video_2	30	58	0.50	写出来很空"
video_2	30	58	0.30	"我是做电商的，想用 AI
video_2	30	58	1.00	做选品和脚本，但结果太
video_2	30	58	0.50	泛"
video_2	30	58	0.30	"我想这周搭一套 AI 内容
video_2	30	58	1.00	流程，预算多少，能不能
video_2	30	58	0.50	做？"
video_2	30	58	1.00	如何回复
video_2	30	58	1.00	简短说明不发资源包，不
video_2	30	58	1.00	做自动赚钱承诺
video_2	30	58	1.00	给低成本公开回答，引导
video_2	30	58	0.50	看内容
video_2	30	58	1.00	追问具体场景：你现在卡
video_2	30	58	0.50	在哪类任务？
video_2	30	58	1.00	让对方描述输入、输出、
video_2	30	58	1.00	当前流程
video_2	30	58	1.00	收集场景、现有流程、目
video_2	30	58	1.00	标结果，判断是否能做小
video_2	30	58	1.00	方案
video_2	30	58	1.00	进入需求确认，拆交付边
video_2	30	58	1.00	界、周期、报价
video_2	30	58	1.00	有效客资定义：
video_2	30	58	0.30	有效客资 =分数 ≥3
video_2	30	58	0.30	高价值客资 = 分数 ≥ 4
video_2	30	58	0.30	可转化客资 = 分数 =5
video_2	30	58	1.00	是否进私域
video_2	30	58	1.00	一般否
video_2	30	58	1.00	可选
video_2	30	58	1.00	必须
video_2	30	58	1.00	是否沉淀内容
video_2	30	58	0.50	可作为 FAQ
video_2	30	58	1.00	可沉淀成选题
video_2	30	58	1.00	值得沉淀内容
video_2	30	58	1.00	值得沉淀工作包
video_2	30	58	1.00	可沉淀案例
video_2	30	58	1.00	是否沉淀服务
video_2	30	58	1.00	暂不服务
video_2	30	58	1.00	可考虑轻咨询
video_2	30	58	1.00	可进入服务候选
video_2	30	58	1.00	可转化服务
video_2	31	60	0.30	9 聊天
video_2	31	60	0.30	冊 搜索
video_2	31	60	0.30	Q 图片 巴视频
video_2	31	60	0.30	四 新闻
video_2	31	60	1.00	分数
video_2	31	60	1.00	0分
video_2	31	60	1.00	定义
video_2	31	60	1.00	无效私信
video_2	31	60	1.00	1分
video_2	31	60	1.00	泛泛好奇
video_2	31	60	0.50	2分
video_2	31	60	1.00	弱需求
video_2	31	60	1.00	3分
video_2	31	60	1.00	明确问题
video_2	31	60	0.50	4分
video_2	31	60	0.50	明确场景＋结果诉求
video_2	31	60	1.00	5分
video_2	31	60	0.30	明确场景＋预算/时间/
video_2	31	60	0.50	决策意愿
video_2	31	60	1.00	典型话术
video_2	31	60	0.30	“资料发我"“软件链接给
video_2	31	60	0.30	我““怎么赚钱”
video_2	31	60	0.30	“这个 AI 叫什么？““你怎
video_2	31	60	0.30	么做的？"
video_2	31	60	1.00	“我也想提高效率，但不
video_2	31	60	0.50	知道从哪开始"
video_2	31	60	0.50	“我每周写汇报很慢，AI
video_2	31	60	0.50	写出来很空”
video_2	31	60	0.50	“我是做电商的，想用 AI
video_2	31	60	1.00	做选品和脚本，但结果太
video_2	31	60	0.30	泛"
video_2	31	60	0.30	“我想这周搭一套 AI 内容
video_2	31	60	1.00	流程，预算多少，能不能
video_2	31	60	0.30	做？“
video_2	31	60	1.00	如何回复
video_2	31	60	1.00	简短说明不发资源包，不
video_2	31	60	1.00	做自动賺钱承诺
video_2	31	60	1.00	给低成本公开回答，引导
video_2	31	60	0.50	看内容
video_2	31	60	1.00	追问具体场景：你现在卡
video_2	31	60	0.50	在哪类任务？
video_2	31	60	1.00	让对方描述输入、输出、
video_2	31	60	1.00	当前流程
video_2	31	60	1.00	收集场景、现有流程、目
video_2	31	60	1.00	标结果，判断是否能做小
video_2	31	60	1.00	方案
video_2	31	60	1.00	进入需求确认，拆交付边
video_2	31	60	1.00	界、周期、报价
video_2	31	60	1.00	有效客资定义：
video_2	31	60	0.30	有效客资= 分数 ≥3
video_2	31	60	0.30	高价值客资 = 分数 ≥ 4
video_2	31	60	0.30	可转化客资= 分数 =5
video_2	31	60	1.00	无效客资不要算项目进展。
video_2	31	60	1.00	客资数量不重要，4-5分客资的重复类型才重要。
video_2	31	60	1.00	7.目标驱动状态机
video_2	31	60	1.00	是否进私域
video_2	31	60	1.00	一般否
video_2	31	60	1.00	可选
video_2	31	60	1.00	必须
video_2	31	60	1.00	是否沉淀内容
video_2	31	60	1.00	可作为 FAQ
video_2	31	60	1.00	可沉淀成选题
video_2	31	60	1.00	值得沉淀内容
video_2	31	60	1.00	值得沉淀工作包
video_2	31	60	1.00	可沉淀案例
video_2	31	60	0.30	… 巴
video_2	31	60	1.00	是否沉淀服务
video_2	31	60	1.00	暂不服务
video_2	31	60	1.00	可考虑轻咨询
video_2	31	60	1.00	可进入服务候选
video_2	31	60	1.00	可转化服务
video_2	32	62	0.30	9 聊天
video_2	32	62	0.30	④ 搜索
video_2	32	62	0.30	双各资个要算项目进展。
video_2	32	62	1.00	客资数量不重要，4-5分客资的重复类型才重要。
video_2	32	62	0.50	7.目标驱动状态机
video_2	32	62	1.00	content_discovery
video_2	32	62	0.50	• content_validation
video_2	32	62	0.50	• demand_signal_validation
video_2	32	62	0.50	• lead_quality_validation
video_2	32	62	0.50	- offer_validation
video_2	32	62	0.50	• scale_or_reposition
video_2	32	62	0.50	7.1 content_discovery（内容探索）
video_2	32	62	1.00	目标：找到能引发真实反馈的选题。
video_2	32	62	1.00	看什么数据：
video_2	32	62	0.50	• 播放是否过基础门槛；
video_2	32	62	0.30	• 3秒/5秒留存；
video_2	32	62	0.30	• 评论是否出现痛点；
video_2	32	62	0.50	• 收藏是否出现。
video_2	32	62	1.00	过线条件：
video_2	32	62	0.50	• 连续 3-5条里，至少 1-2条播放明显高于账号低位基线；
video_2	32	62	0.50	•或播放不高，但评论/私信里出现明确问题。
video_2	32	62	1.00	失败条件：
video_2	32	62	0.50	• 连续5 条播放低、留存低、互动低；
video_2	32	62	0.50	•没有任何真实问题反馈。
video_2	32	62	1.00	下一状态：
video_2	32	62	0.50	• 有内容认可，进 content_validation；
video_2	32	62	0.50	•没有反馈，重判选题/人群/开头。
video_2	32	62	0.30	Q 图片 巴视频
video_2	32	62	0.30	图新闻
video_2	32	62	0.30	••。
video_2	33	64	0.30	9 聊天
video_2	33	64	0.30	④ 搜索
video_2	33	64	0.30	Q 图片 巴视频 巴新闻
video_2	33	64	0.30	…巴
video_2	33	64	1.00	看什么数据：
video_2	33	64	0.50	• 播放是否过基础门槛；
video_2	33	64	0.50	• 3秒15秒留存；
video_2	33	64	0.50	• 评论是否出现痛点；
video_2	33	64	0.30	• 收臧是否出现。
video_2	33	64	0.50	过线条件：
video_2	33	64	0.50	• 连续3-5条里，至少 1-2条播放明显高于账号低位基线；
video_2	33	64	0.50	• 或播放不高，但评论/私信里出现明确问题。
video_2	33	64	1.00	失败条件：
video_2	33	64	0.50	• 连续5条播放低、留存低、互动低；
video_2	33	64	0.50	• 没有任何真实问题反馈。
video_2	33	64	1.00	下一状态：
video_2	33	64	0.50	• 有内容认可，进 content_validation；
video_2	33	64	0.50	• 没有反馈，重判选题/人群/开头。
video_2	33	64	0.50	7.2 content_validation（内容证）
video_2	33	64	1.00	目标：证明内容有价值，不只是有播放。
video_2	33	64	1.00	看什么数据：
video_2	33	64	0.30	• 收藏率；
video_2	33	64	0.30	• 评论质量；
video_2	33	64	0.30	• 完播率；
video_2	33	64	0.30	• 主页访问；
video_2	33	64	0.50	• 是否有人复述痛点。
video_2	33	64	0.50	过线条件：
video_2	34	66	1.00	看什么数据：
video_2	34	66	0.50	• 播放是否过基础门槛；
video_2	34	66	0.30	•3秒15秒留存；
video_2	34	66	0.30	• 评论是否出现痛点；
video_2	34	66	0.50	• 收藏是否出现。
video_2	34	66	1.00	过线条件：
video_2	34	66	0.50	• 连续3-5条里，至少1-2条播放明显高于账号低位基线；
video_2	34	66	0.50	• 或播放不高，但评论1私信里出现明确问题。
video_2	34	66	0.50	失败条件：
video_2	34	66	0.50	• 连续5条播放低、留存低、互动低；
video_2	34	66	0.50	• 没有任何真实问题反馈。
video_2	34	66	1.00	下一状态：
video_2	34	66	0.30	•有内容认可，进 content_validation；
video_2	34	66	0.30	• 没有反馈，重判选题|人群/开头。
video_2	35	68	0.30	•.
video_2	35	68	1.00	看什么数据：
video_2	35	68	0.50	• 播放是否过基础门槛；
video_2	35	68	0.30	沙15秒留存；
video_2	35	68	0.30	• 公公是否出现痛点；
video_2	35	68	0.50	• 收藏是否出现。
video_2	35	68	1.00	过线条件：
video_2	35	68	0.50	• 连续3-5条里，至少1-2条播放明显高于账号低位基线；
video_2	35	68	0.50	• 或播放不高，但评论/私信里出现明确问题。
video_2	35	68	0.50	失败条件：
video_2	35	68	0.50	• 连续5条播放低、留存低、互动低；
video_2	35	68	0.50	• 没有任何真实问题反馈。
video_2	35	68	1.00	下一状态：
video_2	35	68	0.50	• 有内容认可，进 content_validation；
video_2	35	68	0.30	• 没有反馈，重判选题 |人群|开头。
video_2	36	70	0.50	7.1 content_discovery（内容探索）
video_2	36	70	1.00	目标：找到能引发真实反馈的选题。
video_2	36	70	1.00	看什么
video_2	36	70	0.50	据：
video_2	36	70	0.30	• 播放是否过基础门槛；
video_2	36	70	0.30	• 3秒15秒留存；
video_2	36	70	0.50	•评论是否出现痛点；
video_2	36	70	0.50	• 收藏是否出现。
video_2	36	70	0.50	过线条件：
video_2	36	70	0.50	• 连续3-5条里，至少1-2 条播放明显高于账号低位基线；
video_2	36	70	0.50	•或播放不高，但评论1私信里出现明确问题。
video_2	36	70	1.00	失败条件：
video_2	36	70	0.50	•连续5条播放低、留存低、互动低；
video_2	36	70	0.50	•没有任何真实问题反馈。
video_2	36	70	1.00	下一状态：
video_2	37	72	0.30	有什公数据•
video_2	37	72	0.50	• 播放是否过基础门槛；
video_2	37	72	0.30	3秒15秒留存；
video_2	37	72	0.30	• 评论是否出现痛点；
video_2	37	72	0.50	• 收藏是否出现。
video_2	37	72	1.00	过线条件：
video_2	37	72	0.50	• 连续3-5条里，至少1-2条播放明显高于账号低位基线；
video_2	37	72	0.50	• 或播放不高，但评论/私信里出现明确问题。
video_2	37	72	1.00	失败条件：
video_2	37	72	0.50	• 连续5条播放低、留存低、互动低；
video_2	37	72	0.50	• 没有任何真实问题反馈。
video_2	37	72	1.00	下一状态：
video_2	37	72	0.50	• 有内容认可，进 content_validation；
video_2	37	72	0.50	• 没有反馈，重判选题/ 人群/开头。
video_2	37	72	0.50	7.2 content_validation （内容验证）
video_2	37	72	1.00	目标：证明内容有价值，不只是有播放。
video_2	38	74	0.50	• 播放是否过基础门槛；
video_2	38	74	0.30	• 3秒/5秒留存；
video_2	38	74	0.50	• 评论是否出现痛点；
video_2	38	74	0.50	• 收藏是否出现。
video_2	38	74	1.00	过线条件：
video_2	38	74	0.50	• 连续3-5条里，至少 1-2条播放明显高于账号低位基线；
video_2	38	74	0.50	• 或播放不高，但评论/私信里出现明确问题。
video_2	38	74	1.00	失败条件：
video_2	38	74	0.50	• 连续5条播放低、留存低、互动低；
video_2	38	74	0.50	• 没有任何真实问题反馈。
video_2	38	74	1.00	下一状态：
video_2	38	74	0.50	• 有内容认可，进 content_validation；
video_2	38	74	0.50	• 没有反馈，重判选题/人群/开头。
video_2	38	74	0.50	7.2 content validation（内容验证）
video_2	38	74	1.00	目标：证明内容有价值，不只是有播放。
video_2	38	74	0.30	丢什九粘掘：
video_2	39	76	0.30	S 聊天
video_2	39	76	0.30	# 搜索
video_2	39	76	0.50	7.2 content_validation（内容验证）
video_2	39	76	1.00	目标：证明内容有价值，不只是有播放。
video_2	39	76	1.00	看什么数据：
video_2	39	76	0.30	• 收藏率；
video_2	39	76	0.30	• 评论质量；
video_2	39	76	0.30	• 完播率；
video_2	39	76	0.30	• 主页访问；
video_2	39	76	0.50	•是否有人复述痛点。
video_2	39	76	0.50	过线条件：
video_2	39	76	0.50	• 有人说"这个就是我遇到的问题"；
video_2	39	76	0.50	• 有收藏、追问、复述痛点；
video_2	39	76	0.50	•同类选题不是只火一条。
video_2	39	76	1.00	失败条件：
video_2	39	76	1.00	• 播放可以，但无人收藏、无人追问、无人复述痛点。
video_2	39	76	1.00	下一状态：
video_2	39	76	0.50	• 出现真实问题反馈，进 demand_signal_validation；
video_2	39	76	0.50	• 只有播放没有价值信号，回到内容结构/证据调整。
video_2	39	76	0.50	7.3 demand_signal_validation（需求信号验证）
video_2	39	76	1.00	目标：判断用户是否真的有需求。
video_2	39	76	1.00	看什么数据：
video_2	39	76	0.30	• 有效评论；
video_2	39	76	0.30	• 私信；
video_2	39	76	0.30	• 问工具/流程/模板/服务的人；
video_2	39	76	0.30	Q 图片 巴视频 四新闻
video_2	39	76	0.30	…巴
video_2	40	78	0.30	9 聊天
video_2	40	78	0.30	④ 搜索
video_2	40	78	0.30	Q 图片 巴视频 四新闻
video_2	40	78	0.30	…巴
video_2	40	78	0.50	• 同类选题不是只火一条。
video_2	40	78	1.00	失败条件：
video_2	40	78	0.50	• 播放可以，但无人收藏、无人追问、无人复述痛点。
video_2	40	78	1.00	下一状态：
video_2	40	78	0.50	• 出现真实问题反馈，进demand_signal_validation；
video_2	40	78	0.50	• 只有播放没有价值信号，回到内容结构/证据调整。
video_2	40	78	0.50	7.3 demand_signal_validation（需求信号验证）
video_2	40	78	1.00	目标：判断用户是否真的有需求。
video_2	40	78	1.00	看什么数据：
video_2	40	78	0.30	• 有效评论；
video_2	40	78	0.30	• 私信；
video_2	40	78	0.30	• 问工具/流程/模板/服务的人；
video_2	40	78	0.50	• 是否出现明确场景。
video_2	40	78	1.00	过线条件：
video_2	40	78	0.50	• 至少出现 3 分以上客资；
video_2	40	78	1.00	•或评论区多次出现同类问题。
video_2	40	78	1.00	失败条件：
video_2	40	78	1.00	• 私信只是要工具、要资源、问泛泛问题；
video_2	40	78	0.50	• 没有人暴露具体场景。
video_2	40	78	1.00	下一状态：
video_2	40	78	0.50	• 出现 3-4分客资，进 lead_quality_validation；
video_2	40	78	0.50	•只有弱需求，继续发 3-5条验证。
video_2	40	78	0.50	7.4 lead_quality_validation（客资质量验证）
video_2	41	80	0.30	9 聊天
video_2	41	80	0.30	④ 搜索
video_2	41	80	0.30	Q 图片 巴视频 四新闻
video_2	41	80	0.30	…巴
video_2	41	80	0.50	• 有效评论；
video_2	41	80	0.30	• 私信；
video_2	41	80	0.30	• 问工具/流程/模板/服务的人；
video_2	41	80	0.50	• 是否出现明确场景。
video_2	41	80	1.00	过线条件：
video_2	41	80	0.50	• 至少出现 3分以上客资；
video_2	41	80	1.00	•或评论区多次出现同类问题。
video_2	41	80	0.50	失败条件：
video_2	41	80	1.00	• 私信只是要工具、要资源、问泛泛问题；
video_2	41	80	0.50	• 没有人暴露具体场景。
video_2	41	80	1.00	下一状态：
video_2	41	80	0.50	• 出现3-4分客资，进 lead_quality_validation；
video_2	41	80	0.30	• 只有弱需求，继纹民
video_2	41	80	0.50	-5条验证。
video_2	41	80	0.50	7.4 lead_quality_validation（客资质量验证）
video_2	41	80	1.00	目标：判断来的用户是不是值得承接。
video_2	41	80	1.00	看什么数据：
video_2	41	80	0.30	• 客资评分；
video_2	41	80	0.50	• 是否有明确业务场景；
video_2	41	80	0.30	• 是否有结果诉求；
video_2	41	80	0.50	• 是否愿意提供上下文；
video_2	41	80	0.30	• 是否有预算/时间/ 决策意愿。
video_2	41	80	1.00	过线条件：
video_2	41	80	0.50	• 连续出现 4 分客资；
video_2	41	80	0.50	• 或出现1个 5分客资；
video_2	41	80	0.50	•同类需求重复出现。
video_2	42	82	0.30	9 聊天
video_2	42	82	0.50	• 客资和目标用户不匹配。
video_2	42	82	1.00	下一状态：
video_2	42	82	0.50	• 高质量重复需求，进 offer_validation；
video_2	42	82	0.50	• 低质量客资多，重判人群/承接话术。
video_2	42	82	0.50	7.5 offer_validation（产品 / 服务验证）
video_2	42	82	1.00	目标：判断能不能沉淀成服务、咨询、工作包或产品。
video_2	42	82	1.00	看什么数据：
video_2	42	82	0.50	• 用户是否愿意付费；
video_2	42	82	0.50	• 是否愿意提交真实材料；
video_2	42	82	0.50	• 是否需要定制化方案；
video_2	42	82	0.50	• 是否出现重复需求
video_2	42	82	0.30	• 是否有复购可能。
video_2	42	82	1.00	过线条件：
video_2	42	82	0.50	• 有实际咨询/付费/服务意向；
video_2	42	82	0.50	•同一类需求反复出现；
video_2	42	82	0.50	• 能抽象出流程、模板或工作包。
video_2	42	82	1.00	失败条件：
video_2	42	82	0.50	• 用户只想白嫖；
video_2	42	82	0.50	• 需求每次都不同，不能沉淀；
video_2	42	82	0.50	• 用户不愿意提供材料或付费。
video_2	42	82	1.00	下一状态：
video_2	42	82	0.50	• 过线进入 scale_or_reposition；
video_2	42	82	0.50	• 不过线则回到需求验证。
video_2	42	82	0.50	7.6 scale_or_reposition（放大或重判）
video_2	42	82	0.30	④ 搜索
video_2	42	82	0.30	Q 图片 巴视频 四新闻
video_2	42	82	0.30	•••
video_2	43	84	0.30	9 聊天
video_2	43	84	0.30	④ 搜索
video_2	43	84	0.50	目标：决定继续放大，还是换选题/換人群/換承接方式。
video_2	43	84	1.00	看什么数据：
video_2	43	84	0.50	• 同类内容是否稳定产生需求；
video_2	43	84	0.50	• 客资质量是否稳定；
video_2	43	84	0.50	• 是否出现服务/工作包路径；
video_2	43	84	0.50	• 成本是否可控。
video_2	43	84	0.50	过线条件：
video_2	43	84	0.50	•同方向连续产生3分以上客资；
video_2	43	84	0.50	•有可重复服务线；
video_2	43	84	0.50	• 内容生产成本能承受。
video_2	43	84	0.50	失败条件：
video_2	43	84	0.30	：致据不推定；人
video_2	43	84	0.30	• 客资质量差；
video_2	43	84	0.30	• 无法沉淀服务；
video_2	43	84	0.50	•内容成本过高。
video_2	43	84	1.00	下一状态：
video_2	43	84	0.50	• 放大同方向；
video_2	43	84	0.30	• 或换选题/换人群/换承接方式。
video_2	43	84	0.50	8.0-30天目标
video_2	43	84	0.50	状态：content_discovery + content_validation
video_2	43	84	0.50	真正验证：
video_2	43	84	0.30	關类“真实 Al使用经验”能让目标用户停下来，并产有价值反馈。
video_2	43	84	0.30	Q 图片 巴视频 四新闻
video_2	43	84	0.30	…巴
video_2	44	86	0.30	9 聊天
video_2	44	86	0.30	④ 搜索
video_2	44	86	0.50	状心：content_duscovery + content_valdatzon
video_2	44	86	0.30	Q 图片
video_2	44	86	0.30	巴 视频 四新闻
video_2	44	86	1.00	真正验证：
video_2	44	86	0.50	哪类"真实 AI 使用经验"能让目标用户停下来，并产生有价值反馈。
video_2	44	86	1.00	主指标：
video_2	44	86	0.30	• 3秒/5秒留存；
video_2	44	86	0.30	• 收藏；
video_2	44	86	0.30	• 评论质量；
video_2	44	86	0.50	• 是否出现 2分以上需求信号。
video_2	44	86	0.50	辅助指标：
video_2	44	86	0.30	• 播放量；
video_2	44	86	0.30	• 点赞；
video_2	44	86	0.50	• 主页访问。
video_2	44	86	1.00	阶段工作假设：
video_2	44	86	1.00	合格线
video_2	44	86	0.30	…巴
video_2	44	86	1.00	优秀线
video_2	44	86	1.00	失败线
video_2	44	86	1.00	标准
video_2	44	86	0.50	7-10条视频里，至少 2条出现明确内容认可，比如收藏、有效评论、复
video_2	44	86	1.00	述痛点
video_2	44	86	0.50	至少1条视频出现 3分以上客资，或多条评论追问具体做法
video_2	44	86	1.00	连续7 条无留存、无收藏、无有效评论、无需求信号
video_2	44	86	1.00	默认数字，保守假设：
video_2	44	86	0.50	单条基础播放门檻：1000-3000
video_2	44	86	0.50	铰好播放：3000-8000
video_2	44	86	1.00	小爆观察：8000+
video_2	44	86	0.30	收劳潔分考：~18可观容 >2%值每母
video_2	45	88	0.30	長上 近•
video_2	45	88	0.50	哪类“真实 Al 使用经验“能让目标用户停下来，并产生有价值反馈。
video_2	45	88	0.50	主指标：
video_2	45	88	0.50	•3秒15秒留存；
video_2	45	88	0.30	• 收藏；
video_2	45	88	0.30	• 评论质量；
video_2	45	88	0.50	• 是否出现 2分以上需求信号。
video_2	45	88	0.50	辅助指标：
video_2	45	88	0.30	•播放量；
video_2	45	88	0.30	• 点赞；
video_2	45	88	0.50	• 主页访问。
video_2	45	88	1.00	阶段工作假设：
video_2	45	88	1.00	合格线
video_2	45	88	1.00	优秀线
video_2	45	88	1.00	标准
video_2	45	88	0.50	7-10 条视频里，至少2条出现明确内容认可，比如收藏、
video_2	45	88	1.00	述痛点
video_2	45	88	1.00	至少1条视频出现3分以上客资，或多条评论追问具体
video_2	46	90	0.30	S 聊天
video_2	46	90	0.30	④ 搜索
video_2	46	90	0.30	2 图片 视频 巴新闻
video_2	46	90	0.30	… 巴
video_2	46	90	0.30	• 播放量；
video_2	46	90	0.30	• 点赞；
video_2	46	90	0.50	•主页访问。
video_2	46	90	1.00	阶段工作假设：
video_2	46	90	1.00	合格线
video_2	46	90	1.00	标准
video_2	46	90	1.00	述痛点
video_2	46	90	0.50	7-10 条视频里，至少2条出现明确内容认可，比如收藏、有效评论、复
video_2	46	90	1.00	至少1条视频出现 3分以上客资，或多条评论追问具体做法
video_2	46	90	1.00	连续7条无留存、无收藏、无有效评论、无需求信号
video_2	46	90	1.00	优秀线
video_2	46	90	1.00	失败线
video_2	46	90	0.30	默认数字，保守假设真
video_2	46	90	0.50	单条基础播放门槛：1000-3000
video_2	46	90	0.50	较好播放：3000-8000
video_2	46	90	0.50	小爆观察：8000+
video_2	46	90	0.50	收藏率参考：>1% 可观察，>2% 值得复盘
video_2	46	90	0.30	有效评论：每条 ≥ 3 条可观察
video_2	46	90	0.30	有效私信：30 天内≥ 3个 3分以上客资算有信号
video_2	46	90	1.00	为什么不急着追客资：
video_2	46	90	0.50	• 还没确认哪类内容能稳定打中用户；
video_2	46	90	0.50	•太早追客资，会把内容做成销售导向。
video_2	46	90	1.00	失败后怎么重判：
video_2	46	90	0.50	• 播放低＋留存低：优先改选题/开头；
video_2	46	90	0.50	• 播放有但收藏低：改内容价值和步骤密度；
video_2	46	90	0.50	• 评论没有痛点：改问题感和目标用户；
video_2	46	90	0.50	• 完全无需求信号：重判方向。
video_2	47	92	0.30	9 聊天
video_2	47	92	1.00	合格线
video_2	47	92	1.00	优秀线
video_2	47	92	1.00	失败线
video_2	47	92	0.30	④ 搜索
video_2	47	92	0.30	Q 图片 巴视频 四新闻
video_2	47	92	1.00	标准
video_2	47	92	0.50	7-10条视频里，至少2条出现明确内容认可，比如收藏、有效评论、复
video_2	47	92	1.00	述痛点
video_2	47	92	0.50	至少1条视频出现 3分以上客资，或多条评论追问具体做法
video_2	47	92	0.50	连续7条无留存、无收藏、无有效评论、无需求信号
video_2	47	92	1.00	默认数字，保守假设：
video_2	47	92	0.50	牧好播放：3000-8000
video_2	47	92	1.00	小爆观察：8000+
video_2	47	92	0.50	收藏率参考：>1% 可观察，>2%值得复盘
video_2	47	92	0.30	有效评论：每条 ≥ 3 条可观察
video_2	47	92	0.30	有效私信：30 天内≥3个3分以上客资算有信号
video_2	47	92	1.00	为什么不急着追客资：
video_2	47	92	0.50	• 还没确认哪类内容能稳定打中用户；
video_2	47	92	0.50	• 太早追客资，会把内容做成销售导向。
video_2	47	92	1.00	失败后怎么重判：
video_2	47	92	0.50	• 播放低＋留存低：优先改选题/开头；
video_2	47	92	0.50	• 播放有但收藏低：改内容价值和步骤密度；
video_2	47	92	0.50	• 评论没有痛点：改问题感和目标用户；
video_2	47	92	0.50	• 完全无需求信号：重判方向。
video_2	47	92	1.00	成功后怎么放大：
video_2	47	92	0.50	• 把出现高收藏/ 高评论/私信的题，做3条变体；
video_2	47	92	0.50	• 每次只改一个变量：开头、证据、场景、标题、 • 。
video_2	47	92	0.30	00HA
video_2	48	94	0.50	优秀线
video_2	48	94	1.00	失败线
video_2	48	94	0.50	默认数字，保守假设：
video_2	48	94	1.00	单条基础播放门槛：1000-3000
video_2	48	94	1.00	较好播放：3000-8000
video_2	48	94	1.00	小爆观察：8000+
video_2	48	94	0.50	收藏率参考：>1% 可观察，>2%值得复盘
video_2	48	94	0.30	有效评论：每条 ≥ 3 条可观察
video_2	48	94	0.30	有效私信：30 天内 ≥ 3 个 3分公上客资算有信号
video_2	48	94	1.00	为什么不急着追客资：
video_2	48	94	0.50	• 还没确认哪类内容能稳定打中用户；
video_2	48	94	0.50	。太早追客资，会把内容做成销售导向。
video_2	48	94	0.50	失败后怎么重判：
video_2	48	94	0.30	•播放低＋留存低：优先改选题1开头；
video_2	48	94	0.50	•播放有但收藏低：改内容价值和步骤密度；
video_2	48	94	0.50	至少1条视频出现3分以上客资，或多条评论追问具体做法
video_2	48	94	1.00	连续7条无留存、无收藏、无有效评论、无需求信号
video_2	49	96	1.00	优秀线
video_2	49	96	1.00	失败线
video_2	49	96	1.00	默认数字，保守假设：
video_2	49	96	1.00	单条基础播放门槛：1000-3000
video_2	49	96	1.00	较好播放：3000-8000
video_2	49	96	1.00	小爆观察：8000+
video_2	49	96	0.50	收藏率参考：>1% 可观察，>2% 值得复盘
video_2	49	96	0.30	有效评论：每条 ≥ 3 条可观察
video_2	49	96	0.30	有效私信：30 天内 ≥3个 3分以上客资算有信号
video_2	49	96	1.00	为什么不急着追客资：
video_2	49	96	0.50	•还没确认哪类内容能稳定打中用户；
video_2	49	96	0.50	。太早追客资，会把内容做成销售导向。
video_2	49	96	0.50	失败后怎么重判：
video_2	49	96	0.50	。播放低＋留存低：优先改选题1开头；
video_2	49	96	0.50	。播放有但收藏低：改内容价值和步骤密度；
video_2	49	96	0.30	十日山•
video_2	49	96	0.50	至少1条视频出现3分以上客资，或多条评论追问具体做法
video_2	49	96	1.00	连续7条无留存、无收藏、无有效评论、无需求信号
video_2	50	98	0.30	仇秀线
video_2	50	98	0.50	失败线
video_2	50	98	0.50	默认数字，保守假设：
video_2	50	98	0.50	单条基础播放门槛：1000-3000
video_2	50	98	1.00	较好播放：3000-8000
video_2	50	98	1.00	小爆观察：8000+
video_2	50	98	0.50	收藏率参考：>1% 可观察，>2% 值得复盘
video_2	50	98	0.30	有效评论：每条 ≥ 3 条可观察
video_2	50	98	0.30	有效私信：30 天内 ≥ 3 个 3分以上客资算有信号
video_2	50	98	1.00	为什么不急着追客资：
video_2	50	98	0.50	• 还没确认哪类内容能稳定打中用户；
video_2	50	98	1.00	• 太早追客资，会把内容做成销售导向。
video_2	50	98	1.00	失败后怎么重判：
video_2	50	98	0.50	• 播放低＋留存低：优先改选题/开头；
video_2	50	98	1.00	• 播放有但收藏低：改内容价值和步骤密度；
video_2	50	98	0.50	• 评论没有痛点：改问题感和目标用户；
video_2	50	98	0.50	• 完全无需求信号：重判方向。
video_2	50	98	1.00	成功后怎么放大：
video_2	50	98	0.50	• 把出现高收藏/高评论/私信的题，做3条变体；
video_2	50	98	0.50	• 每次只改一个变量：开头、证据、场景、标题、承接。
video_2	50	98	0.30	至少1条视频出现3分以上需统，或多条评论遠问具我我出
video_2	50	98	0.30	连续7条无留存、无收藏、无有效评论，无擺或信考
video_2	51	100	0.30	9 聊天
video_2	51	100	0.30	④ 搜索
video_2	51	100	0.30	• 播放低＋留存低：优先改选题/开头；
video_2	51	100	0.50	• 播放有但收藏低：改内容价值和步骤密度；
video_2	51	100	0.50	• 评论没有痛点：改问题感和目标用户；
video_2	51	100	0.50	• 完全无需求信号：重判方向。
video_2	51	100	1.00	成功后怎么放大：
video_2	51	100	0.50	• 把出现高收藏/高评论/私信的题，做3条变体；
video_2	51	100	0.50	• 每次只改一个变量：开头、证据、场景、标题、承接。
video_2	51	100	0.30	9.31-90天目标
video_2	51	100	0.50	状态：demand_signal_validation + lead_quality_validation
video_2	51	100	1.00	真正验证：
video_2	51	100	0.50	哪类内容能稳定产生 3分以上客资，并暴羅可承接需求。
video_2	51	100	1.00	主指标：
video_2	51	100	0.50	• 有效私信数；
video_2	51	100	0.30	• 客资评分；
video_2	51	100	0.50	• 评论里的真实问题；
video_2	51	100	0.50	• 同类需求重复度。
video_2	51	100	0.50	辅助指标：
video_2	51	100	0.30	• 播放；
video_2	51	100	0.30	• 收藏；
video_2	51	100	0.30	• 主页访问；
video_2	51	100	0.50	• 关注。
video_2	51	100	1.00	阶段工作假设：
video_2	51	100	0.30	合柊线
video_2	51	100	1.00	标准
video_2	51	100	0.30	Q 图片 巴视频 四新闻
video_2	51	100	0.30	…巴
video_2	52	102	1.00	聊天
video_2	52	102	0.30	④ 搜索
video_2	52	102	0.30	Q 图片
video_2	52	102	0.30	哪天闪谷能倔龰厂生，刀以上合页，升墾路以本玫前水。
video_2	52	102	0.30	巴 视频 四新闻
video_2	52	102	0.50	主指标：
video_2	52	102	0.30	• 有效私信数；
video_2	52	102	0.30	• 客资评分；
video_2	52	102	0.50	• 评论里的真实问题；
video_2	52	102	0.50	• 同类需求重复度。
video_2	52	102	0.50	辅助指标：
video_2	52	102	0.30	•播放；
video_2	52	102	0.30	• 收藏；
video_2	52	102	0.30	• 主页访问；
video_2	52	102	0.30	• 关注。
video_2	52	102	1.00	阶段工作假设：
video_2	52	102	1.00	合格线
video_2	52	102	1.00	优秀线
video_2	52	102	1.00	失败线
video_2	52	102	1.00	标准
video_2	52	102	0.50	每月≥8个3分以上客资，且至少2个4分以上客资
video_2	52	102	0.50	每月≥15个3分以上客资，25个4分以上客资，出现1个5分客资
video_2	52	102	0.30	连续30天
video_2	52	102	0.30	分以上客资，或私信多但80% 都是0-1分
video_2	52	102	1.00	默认数字：
video_2	52	102	0.50	月发布：12-20 条
video_2	52	102	0.50	3分以上客资：8个/月
video_2	52	102	0.50	4分以上客资：2-5个/月
video_2	52	102	0.50	5分客资：1 个出现即重点复盘
video_2	52	102	1.00	为什么这阶段不急着规模化成交：
video_2	52	102	0.50	• 还要判断需求类型是否重复；
video_2	53	104	0.30	9 聊天
video_2	53	104	0.30	④ 搜索
video_2	53	104	0.30	Q 图片 巴视频 四新闻
video_2	53	104	0.50	• 主页访问；
video_2	53	104	0.50	• 关注。
video_2	53	104	1.00	阶段工作假设：
video_2	53	104	1.00	合格线
video_2	53	104	1.00	优秀线
video_2	53	104	1.00	失败线
video_2	53	104	1.00	标准
video_2	53	104	0.50	每月≥8个3分以上客资，且至少2个4分以上客资
video_2	53	104	0.50	每月≥15个3分以上客资，25个4分以上客资，出现1个5分客资
video_2	53	104	0.30	连续 30天无3分以上客资，或私信多但80% 都是0-1分
video_2	53	104	1.00	默认数字：
video_2	53	104	0.50	月发布：12-20 条
video_2	53	104	0.50	3分以上客资：8个/月
video_2	53	104	0.50	4分以上客资：2-5个/月
video_2	53	104	0.50	5分客资：1 个出现即重点复盘
video_2	53	104	1.00	为什么这阶段不急着规模化成交：
video_2	53	104	0.50	• 还要判断需求类型是否重复；
video_2	53	104	0.50	• 不能因为一个人想买，就立刻做产品。
video_2	53	104	1.00	失败后怎么重判：
video_2	53	104	0.50	• 客资少：检查承接入口、场景表达、信任证明；
video_2	53	104	1.00	• 客资多但质量低：说明内容吸错人，重判人群；
video_2	53	104	0.50	• 只问工具不问服务：加强"场景结果”而不是工具名；
video_2	53	104	0.50	• 需求太散：聚焦一个场景线。
video_2	53	104	1.00	成功后怎么放大：
video_2	53	104	0.50	• 把4-5分客资背后的需求做成系列；
video_2	53	104	0.50	• 形成初步服务/工作包假设；
video_2	54	106	0.30	9 聊天
video_2	54	106	0.30	④ 搜索
video_2	54	106	0.30	Q 图片 巴视频 四新闻
video_2	54	106	1.00	合格线
video_2	54	106	1.00	优秀线
video_2	54	106	1.00	失败线
video_2	54	106	0.50	每月≥8个3分以上客资，且至少2个4分以上客资
video_2	54	106	0.50	每月≥15个3分以上客资，25个4分以上客资，出现1个5分客资
video_2	54	106	0.30	连续30天无3分以上客资，或私信多但80% 都是0-1分
video_2	54	106	1.00	默认数字：
video_2	54	106	0.30	月发布：12-20 条
video_2	54	106	0.30	1分以上客资：8个/月
video_2	54	106	0.50	4分以上客资：2-5个/月
video_2	54	106	0.50	5分客资：1 个出现即重点复盘
video_2	54	106	1.00	为什么这阶段不急着规模化成交：
video_2	54	106	0.50	• 还要判断需求类型是否重复；
video_2	54	106	1.00	•不能因为一个人想买，就立刻做产品。
video_2	54	106	1.00	失败后怎么重判：
video_2	54	106	0.50	•客资少：检查承接入口、场景表达、信任证明；
video_2	54	106	0.50	•客资多但质量低：说明内容吸错人，重判人群；
video_2	54	106	0.50	• 只问工具不问服务：加强"场景结果"而不是工具名；
video_2	54	106	0.50	• 需求太散：聚焦一个场景线。
video_2	54	106	1.00	成功后怎么放大：
video_2	54	106	0.50	• 把4-5 分客资背后的需求做成系列；
video_2	54	106	0.50	• 形成初步服务/工作包假设；
video_2	54	106	0.50	• 开始设计轻量承接，不急着做复杂产品。
video_2	54	106	0.50	10.90-180天目标
video_2	54	106	0.50	状态：offer_validation + scale_or_reposition
video_2	55	108	1.00	失败线
video_2	55	108	1.00	默认数字：
video_2	55	108	0.50	月发布：12-20 条
video_2	55	108	0.50	3分以上客资：8个/月
video_2	55	108	0.50	4分以上客资：2-5个/月
video_2	55	108	0.50	5分客资：1 个出现即重点复盘
video_2	55	108	1.00	为什么这阶段不急着规模化成交：
video_2	55	108	0.50	• 还要判断需求类型是否重复；
video_2	55	108	0.50	．不能因为一个人想买，就立刻做产品。
video_2	55	108	1.00	失败后怎么重判：
video_2	55	108	0.50	•客资少：检查承接入口、场景表达、信任证明；
video_2	55	108	0.50	．客资多但质量低：说明内容吸错人，重判人群；
video_2	55	108	0.50	•只问工具不问服务：加强"场景结果"而不是工具名；
video_2	55	108	0.50	•需求太散：聚焦一个场景线。
video_2	55	108	1.00	成功后怎么放大：
video_2	55	108	0.50	连续30天无3分以上客资，或私信多但80%都是0-1分
video_2	56	110	0.30	⑤ 聊天
video_2	56	110	0.30	④搜索
video_2	56	110	0.50	• 还要判断需求类型是否重复；
video_2	56	110	0.50	• 不能因为一个人想买，就立刻做产品。
video_2	56	110	1.00	失败后怎么重判：
video_2	56	110	0.50	• 客资少：检查承接入口、场景表达、信任证明；
video_2	56	110	0.50	•客资多但质量低：说明内容吸错人，重判人群；
video_2	56	110	0.50	• 只问工具不问服务：加强"场景结果”而不是工具名；
video_2	56	110	0.50	• 需求太散：聚焦一个场景线。
video_2	56	110	1.00	成功后怎么放大：
video_2	56	110	0.50	• 把4-5分客资背后的需求做成系列；
video_2	56	110	0.30	• 形成初步服务/工作包假设；
video_2	56	110	0.50	• 开始设计轻量承接，不急着做复杂产品。
video_2	56	110	0.50	10.90-180天目标
video_2	56	110	0.50	状态：offer_validation + scale_or_reposition
video_2	56	110	1.00	真正验证：
video_2	56	110	0.50	哪类需求能变成可交付、可收费、可复用的服务/工作包/ 咨询方向。
video_2	56	110	0.50	主指标：
video_2	56	110	0.30	• 付费咨询；
video_2	56	110	0.50	• 明确服务需求；
video_2	56	110	0.30	• 工作包需求；
video_2	56	110	0.50	• 可复用需求类型；
video_2	56	110	0.50	• 复购可能。
video_2	56	110	1.00	辅助指标：
video_2	56	110	0.50	• 内容稳定触达；
video_2	56	110	0.30	• 高质量私信；
video_2	56	110	0.30	Q 图片 巴 视频
video_2	56	110	0.30	口 新闻
video_2	56	110	0.30	… 巴
video_2	57	112	0.30	了聊天
video_2	57	112	0.30	④ 搜索 Q图片 巴视频 四新闻
video_2	57	112	0.30	…巴
video_2	57	112	0.50	• 关注增长。
video_2	57	112	1.00	阶段工作假设：
video_2	57	112	1.00	合格线
video_2	57	112	1.00	优秀线
video_2	57	112	1.00	失败线
video_2	57	112	1.00	标准
video_2	57	112	0.50	至少形成1个可描述的服务/工作包方向，并出现真实付费或强付费意向
video_2	57	112	1.00	形成1-2个可复用服务包，出现多次同类咨询，能用内容继续引流
video_2	57	112	1.00	有流量但无法沉淀需求；有私信但无法转成服务；需求长期分散
video_2	57	112	1.00	默认数字：
video_2	57	112	0.50	4分以上客资：每月≥8个
video_2	57	112	0.50	5分客资：每月≥2个
video_2	57	112	0.50	真实付费 /强付费意向：90-180天内至少1-3个
video_2	57	112	0.50	可复用服务方向：至少1个
video_2	57	112	1.00	失败后怎么重判：
video_2	57	112	0.50	• 如果有播放无客资：重判内容目标；
video_2	57	112	0.50	• 如果有客资无成交：重判承接方式和服务边界；
video_2	57	112	0.50	• 如果需求分散：缩小目标用户；
video_2	57	112	0.50	• 如果服务成本太高：改成工作包/模板/轻咨询。
video_2	57	112	1.00	成功后怎么放大：
video_2	57	112	0.50	• 固化一个服务/工作包方向；
video_2	57	112	0.50	• 用内容反复证明同一类问题；
video_2	57	112	0.50	• 做轻量产品页或咨询入口；
video_2	57	112	0.50	•发布系列内容验证复购/转介绍。
video_2	57	112	0.50	11.video_goal_card
video_2	57	112	0.50	（单条视频目标：模板）
video_2	58	114	1.00	失败线
video_2	58	114	1.00	默认数字：
video_2	58	114	0.50	4分以上客资：每月≥8个
video_2	58	114	0.50	5分客资：每月≥2个
video_2	58	114	0.30	真实付费 强付费意向：90-180天內少1-3个
video_2	58	114	0.30	可复用服务方向：至少1个
video_2	58	114	0.50	失败后怎么重判：
video_2	58	114	0.50	。 如果有播放无客资：重判内容目标；
video_2	58	114	1.00	• 如果有客资无成交：重判承接方式和服务边界；
video_2	58	114	0.50	• 如果需求分散：缩小目标用户；
video_2	58	114	0.50	•如果服务成本太高：改成工作包！模板/轻咨询。
video_2	58	114	1.00	成功后怎么放大：
video_2	58	114	0.50	• 固化一个服务/工作包方向；
video_2	58	114	0.50	。用内容反复证明同一类问题；
video_2	58	114	0.50	•做轻量产品页或咨询入口；
video_2	58	114	0.50	。发布系列内容验证复购1转介绍。
video_2	58	114	1.00	有流量但无法沉淀需求；有私信但无法转成服务；需求长期分散
video_2	59	116	1.00	失败线
video_2	59	116	1.00	默认数字：
video_2	59	116	0.50	4分以上客资：每月≥8个
video_2	59	116	0.50	5分客资：每月≥2个
video_2	59	116	0.50	真实付费 / 强付费意向：90-180天内
video_2	59	116	0.30	1-3个
video_2	59	116	0.50	可复用服务方向：至少 1个
video_2	59	116	0.50	失败后怎么重判：
video_2	59	116	0.50	。如果有播放无客资：重判内容目标；
video_2	59	116	0.50	。如果有客资无成交：重判承接方式和服务边界；
video_2	59	116	0.50	• 如果需求分散：缩小目标用户；
video_2	59	116	0.30	• 如果服务成本太高：改成工作包/模板/ 轻咨询。
video_2	59	116	1.00	成功后怎么放大：
video_2	59	116	0.30	•固化一个服务|工作包方向；
video_2	59	116	0.50	。用内容反复证明同一类问题；
video_2	59	116	0.50	• 做轻量产品页或咨询入口；
video_2	59	116	0.50	• 发布系列内容验证复购/转介绍。
video_2	59	116	1.00	有流量但无法沉淀需求；有私信但无法转成服务；需求长期分散
video_2	60	118	0.50	优秀线
video_2	60	118	1.00	失败线
video_2	60	118	0.30	$S 駠天
video_2	60	118	0.30	④搜索 Q图片 巴视频 四新闻
video_2	60	118	1.00	形成1-2个可复用服务包，出现多次同类咨询，能用内容继续引流
video_2	60	118	1.00	有流量但无法沉淀需求；有私信但无法转成服务；需求长期分散
video_2	60	118	0.30	…巴
video_2	60	118	1.00	默认数字：
video_2	60	118	0.50	4分以上客资：每月≥8个
video_2	60	118	0.50	5分客资：每月≥2个
video_2	60	118	0.50	真实付费/强付费意向：90-180天内至少1-3个
video_2	60	118	0.50	可复用服务方向：至少 1 个
video_2	60	118	1.00	失败后怎么重判：
video_2	60	118	0.50	• 如果有播放无客资：重判内容目标；
video_2	60	118	0.50	• 如果有客资无成交：重判承接方式和服务边界；
video_2	60	118	0.50	• 如果需求分散：缩小目标用户；
video_2	60	118	0.50	• 如果服务成本太高：改成工作包/ 模板/轻咨询。
video_2	60	118	1.00	成功后怎么放大：
video_2	60	118	0.50	• 固化一个服务/工作包方向；
video_2	60	118	0.50	• 用内容反复证明同一类问题；
video_2	60	118	0.50	• 做轻量产品页或咨询入口；
video_2	60	118	0.50	•发布系列内容验证复购/转介绍。
video_2	60	118	0.50	11.video_goal_card（单条视频目标卡模板）
video_2	60	118	0.30	< > YAML
video_2	60	118	1.00	video_goal_card：
video_2	60	118	0.50	video_id：
video_2	60	118	1.00	title：
video_2	60	118	0.50	target user：
video_2	60	118	1.00	funnel_stage：
